 @n.xm1.nsg13_lv_nmos[l] @n.xm1.nsg13_lv_nmos[cdd] @n.xm1.nsg13_lv_nmos[cgd] @n.xm1.nsg13_lv_nmos[cgg] @n.xm1.nsg13_lv_nmos[cgs] @n.xm1.nsg13_lv_nmos[gds] @n.xm1.nsg13_lv_nmos[gm] @n.xm1.nsg13_lv_nmos[ids] @n.xm1.nsg13_lv_nmos[l] @n.xm1.nsg13_lv_nmos[vth] @vd[dc]         @vg[dc]        
 1.30000000e-07  6.81839128e-21  1.73183926e-19  4.50438074e-16  1.73183927e-19  1.70991175e-09 -3.77990474e-14  0.00000000e+00  1.30000000e-07  4.36045349e-01  0.00000000e+00  0.00000000e+00 
 1.30000000e-07  1.01198688e-19  2.89629145e-19  4.23462809e-16  2.89629149e-19  2.53083824e-08 -6.56743432e-14  0.00000000e+00  1.30000000e-07  4.36045349e-01  0.00000000e+00  1.00000000e-01 
 1.30000000e-07  1.54599988e-18  2.23083988e-18  4.04253210e-16  2.23084004e-18  3.86040026e-07 -1.20167667e-13  0.00000000e+00  1.30000000e-07  4.36045349e-01  0.00000000e+00  2.00000000e-01 
 1.30000000e-07  2.34409722e-17  3.19635935e-17  4.37565497e-16  3.19635975e-17  5.94831526e-06 -3.10428920e-13  0.00000000e+00  1.30000000e-07  4.36045349e-01  0.00000000e+00  3.00000000e-01 
 1.30000000e-07  2.46228720e-16  3.36283317e-16  9.62443707e-16  3.36283307e-16  7.72996492e-05 -1.58663404e-12  0.00000000e+00  1.30000000e-07  4.36045349e-01  0.00000000e+00  4.00000000e-01 
 1.30000000e-07  7.22180745e-16  9.89857317e-16  2.12282812e-15  9.89857317e-16  4.62602485e-04 -5.97413373e-12  0.00000000e+00  1.30000000e-07  4.36045349e-01  0.00000000e+00  5.00000000e-01 
 1.30000000e-07  9.76199878e-16  1.34130953e-15  2.75636179e-15  1.34130953e-15  1.27696784e-03 -1.38898991e-11  0.00000000e+00  1.30000000e-07  4.36045349e-01  0.00000000e+00  6.00000000e-01 
 1.30000000e-07  1.09312305e-15  1.50446671e-15  3.05587828e-15  1.50446671e-15  2.38219778e-03 -2.81171828e-11  0.00000000e+00  1.30000000e-07  4.36045349e-01  0.00000000e+00  7.00000000e-01 
 1.30000000e-07  1.15848844e-15  1.59623537e-15  3.22730555e-15  1.59623537e-15  3.61504660e-03 -5.35222934e-11  0.00000000e+00  1.30000000e-07  4.36045349e-01  0.00000000e+00  8.00000000e-01 
 1.30000000e-07  1.20073614e-15  1.65569149e-15  3.33995274e-15  1.65569149e-15  4.85391473e-03 -9.75158630e-11  0.00000000e+00  1.30000000e-07  4.36045349e-01  0.00000000e+00  9.00000000e-01 
 1.30000000e-07  1.23062553e-15  1.69771903e-15  3.42042842e-15  1.69771903e-15  6.02553077e-03 -1.71168659e-10  0.00000000e+00  1.30000000e-07  4.36045349e-01  0.00000000e+00  1.00000000e+00 
 1.30000000e-07  1.25301380e-15  1.72909465e-15  3.48097088e-15  1.72909465e-15  7.09387509e-03 -2.90417306e-10  0.00000000e+00  1.30000000e-07  4.36045349e-01  0.00000000e+00  1.10000000e+00 
 1.30000000e-07  1.27042455e-15  1.75337098e-15  3.52807081e-15  1.75337098e-15  8.04674933e-03 -4.77225394e-10  0.00000000e+00  1.30000000e-07  4.36045349e-01  0.00000000e+00  1.20000000e+00 
 1.30000000e-07  2.88814853e-22 -9.93224469e-19  4.50395727e-16  1.27791290e-18  1.76171212e-10  1.48367864e-09  5.52626058e-11  1.30000000e-07  4.35913712e-01  1.00000000e-01  0.00000000e+00 
 1.30000000e-07  4.28583816e-21 -9.28018190e-19  4.23326643e-16  1.33347124e-18  2.73641603e-09  2.24151175e-08  8.24427057e-10  1.30000000e-07  4.35913712e-01  1.00000000e-01  1.00000000e-01 
 1.30000000e-07  6.55816893e-20 -7.97364392e-19  4.02563573e-16  3.30920667e-18  4.36530715e-08  3.47844553e-07  1.26736310e-08  1.30000000e-07  4.35913712e-01  1.00000000e-01  2.00000000e-01 
 1.30000000e-07  1.02333168e-18  5.14001631e-19  4.12113415e-16  3.45505351e-17  7.01185530e-07  5.41519004e-06  1.97783057e-07  1.30000000e-07  4.35913712e-01  1.00000000e-01  3.00000000e-01 
 1.30000000e-07  1.50301634e-17  1.90570626e-17  7.15364395e-16  3.75525171e-16  9.55867549e-06  6.73895547e-05  2.76510265e-06  1.30000000e-07  4.35913712e-01  1.00000000e-01  4.00000000e-01 
 1.30000000e-07  1.33741859e-16  1.73167860e-16  1.62692071e-15  1.25305402e-15  7.43523464e-05  3.41214748e-04  2.11727765e-05  1.30000000e-07  4.35913712e-01  1.00000000e-01  5.00000000e-01 
 1.30000000e-07  4.21528913e-16  5.51157539e-16  2.40816578e-15  1.74672107e-15  3.51515095e-04  7.39163054e-04  7.52676349e-05  1.30000000e-07  4.35913712e-01  1.00000000e-01  6.00000000e-01 
 1.30000000e-07  6.75251266e-16  8.95782632e-16  2.85122430e-15  1.88961806e-15  9.90865842e-04  1.04080316e-03  1.65557092e-04  1.30000000e-07  4.35913712e-01  1.00000000e-01  7.00000000e-01 
 1.30000000e-07  8.43186446e-16  1.13006117e-15  3.10013931e-15  1.92512210e-15  1.93630623e-03  1.18547139e-03  2.78100407e-04  1.30000000e-07  4.35913712e-01  1.00000000e-01  8.00000000e-01 
 1.30000000e-07  9.53903437e-16  1.28713231e-15  3.25469676e-15  1.93317919e-15  3.04397965e-03  1.20664876e-03  3.98526284e-04  1.30000000e-07  4.35913712e-01  1.00000000e-01  9.00000000e-01 
 1.30000000e-07  1.03057426e-15  1.39700482e-15  3.35956249e-15  1.93398776e-15  4.19330492e-03  1.15239770e-03  5.16930765e-04  1.30000000e-07  4.35913712e-01  1.00000000e-01  1.00000000e+00 
 1.30000000e-07  1.08640654e-15  1.47746514e-15  3.43545588e-15  1.93286822e-15  5.30803855e-03  1.05977744e-03  6.27742249e-04  1.30000000e-07  4.35913712e-01  1.00000000e-01  1.10000000e+00 
 1.30000000e-07  1.12871977e-15  1.53860682e-15  3.49288326e-15  1.93133684e-15  6.34705347e-03  9.52467641e-04  7.28407809e-04  1.30000000e-07  4.35913712e-01  1.00000000e-01  1.20000000e+00 
 1.30000000e-07  4.97812586e-23 -1.27703990e-18  4.50317579e-16  1.48021393e-18  1.53258350e-10  1.91313542e-09  7.08679622e-11  1.30000000e-07  4.35652648e-01  2.00000000e-01  0.00000000e+00 
 1.30000000e-07  7.37375759e-22 -1.19920752e-18  4.23256561e-16  1.52140874e-18  2.46925533e-09  2.93153553e-08  1.07268278e-09  1.30000000e-07  4.35652648e-01  2.00000000e-01  1.00000000e-01 
 1.30000000e-07  1.12670655e-20 -1.12331179e-18  4.02414254e-16  3.45360450e-18  4.06906514e-08  4.60875432e-07  1.67140498e-08  1.30000000e-07  4.35652648e-01  2.00000000e-01  2.00000000e-01 
 1.30000000e-07  1.75740304e-19 -8.83422308e-19  4.10563091e-16  3.41692510e-17  6.67152102e-07  7.22657877e-06  2.63505849e-07  1.30000000e-07  4.35652648e-01  2.00000000e-01  3.00000000e-01 
 1.30000000e-07  2.59946221e-18  2.01254486e-18  6.94344565e-16  3.68832851e-16  8.36251503e-06  8.61746312e-05  3.61487602e-06  1.30000000e-07  4.35652648e-01  2.00000000e-01  4.00000000e-01 
 1.30000000e-07  2.51129673e-17  3.00486269e-17  1.48395295e-15  1.23608351e-15  4.08832410e-05  4.18057462e-04  2.62565996e-05  1.30000000e-07  4.35652648e-01  2.00000000e-01  5.00000000e-01 
 1.30000000e-07  1.20163958e-16  1.50260835e-16  2.11524438e-15  1.82210562e-15  1.26323402e-04  9.99038432e-04  9.58017561e-05  1.30000000e-07  4.35652648e-01  2.00000000e-01  6.00000000e-01 
 1.30000000e-07  2.91481632e-16  3.72301804e-16  2.56954242e-15  2.10270726e-15  3.60004285e-04  1.60077800e-03  2.26737193e-04  1.30000000e-07  4.35652648e-01  2.00000000e-01  7.00000000e-01 
 1.30000000e-07  4.67313207e-16  6.06807256e-16  2.88252444e-15  2.21078327e-15  8.35292657e-04  2.01061283e-03  4.09323691e-04  1.30000000e-07  4.35652648e-01  2.00000000e-01  8.00000000e-01 
 1.30000000e-07  6.13877139e-16  8.06833083e-16  3.09264060e-15  2.23815532e-15  1.53844997e-03  2.18763594e-03  6.20994880e-04  1.30000000e-07  4.35652648e-01  2.00000000e-01  9.00000000e-01 
 1.30000000e-07  7.30020871e-16  9.68033059e-16  3.23707234e-15  2.23149175e-15  2.39111734e-03  2.19008293e-03  8.41029407e-04  1.30000000e-07  4.35652648e-01  2.00000000e-01  1.00000000e+00 
 1.30000000e-07  8.22112469e-16  1.09740147e-15  3.34059409e-15  2.21174941e-15  3.31418208e-03  2.08673006e-03  1.05550730e-03  1.30000000e-07  4.35652648e-01  2.00000000e-01  1.10000000e+00 
 1.30000000e-07  8.96060390e-16  1.20218291e-15  3.41780426e-15  2.18804228e-15  4.24895081e-03  1.92878588e-03  1.25657666e-03  1.30000000e-07  4.35652648e-01  2.00000000e-01  1.20000000e+00 
 1.30000000e-07  2.19352461e-23 -1.35869229e-18  4.50229303e-16  1.47180837e-18  1.58149979e-10  2.34458453e-09  8.64203644e-11  1.30000000e-07  4.35357751e-01  3.00000000e-01  0.00000000e+00 
 1.30000000e-07  3.23960498e-22 -1.27648950e-18  4.23182741e-16  1.51266124e-18  2.57234689e-09  3.63874559e-08  1.32535531e-09  1.30000000e-07  4.35357751e-01  3.00000000e-01  1.00000000e-01 
 1.30000000e-07  4.93861939e-21 -1.20461282e-18  4.02333412e-16  3.43185842e-18  4.27897309e-08  5.78677300e-07  2.09007912e-08  1.30000000e-07  4.35357751e-01  3.00000000e-01  2.00000000e-01 
 1.30000000e-07  7.69775787e-20 -1.08838948e-18  4.10195374e-16  3.39342301e-17  7.05918410e-07  9.12658663e-06  3.32396025e-07  1.30000000e-07  4.35357751e-01  3.00000000e-01  3.00000000e-01 
 1.30000000e-07  1.14536024e-18 -2.53491259e-20  6.89379170e-16  3.65190512e-16  8.66913720e-06  1.03969026e-04  4.46823469e-06  1.30000000e-07  4.35357751e-01  3.00000000e-01  4.00000000e-01 
 1.30000000e-07  1.03957187e-17  1.08771265e-17  1.44698315e-15  1.21365629e-15  3.74420267e-05  4.60509770e-04  3.01330122e-05  1.30000000e-07  4.35357751e-01  3.00000000e-01  5.00000000e-01 
 1.30000000e-07  4.70081359e-17  5.60955549e-17  1.99727326e-15  1.78481168e-15  8.89012358e-05  1.09503192e-03  1.06106840e-04  1.30000000e-07  4.35357751e-01  3.00000000e-01  6.00000000e-01 
 1.30000000e-07  1.29468601e-16  1.59887761e-16  2.38646370e-15  2.11279809e-15  1.93733535e-04  1.83162758e-03  2.52603968e-04  1.30000000e-07  4.35357751e-01  3.00000000e-01  7.00000000e-01 
 1.30000000e-07  2.43088502e-16  3.06274833e-16  2.69213604e-15  2.30283494e-15  4.11860396e-04  2.43954905e-03  4.67991484e-04  1.30000000e-07  4.35357751e-01  3.00000000e-01  8.00000000e-01 
 1.30000000e-07  3.61517032e-16  4.62309480e-16  2.92183436e-15  2.39741638e-15  7.85683778e-04  2.79913621e-03  7.32067957e-04  1.30000000e-07  4.35357751e-01  3.00000000e-01  9.00000000e-01 
 1.30000000e-07  4.71607506e-16  6.10103624e-16  3.09052142e-15  2.43182230e-15  1.30642925e-03  2.92772615e-03  1.02007160e-03  1.30000000e-07  4.35357751e-01  3.00000000e-01  1.00000000e+00 
 1.30000000e-07  5.69850078e-16  7.44014198e-16  3.21609577e-15  2.43215744e-15  1.93684124e-03  2.89289373e-03  1.31217579e-03  1.30000000e-07  4.35357751e-01  3.00000000e-01  1.10000000e+00 
 1.30000000e-07  6.56235728e-16  8.63221805e-16  3.31207278e-15  2.41462681e-15  2.63571583e-03  2.75812207e-03  1.59533984e-03  1.30000000e-07  4.35357751e-01  3.00000000e-01  1.20000000e+00 
 1.30000000e-07  1.35184799e-23 -1.39081460e-18  4.50137662e-16  1.41093483e-18  1.59390224e-10  2.78492866e-09  1.02249404e-10  1.30000000e-07  4.35051568e-01  4.00000000e-01  0.00000000e+00 
 1.30000000e-07  1.99004412e-22 -1.30686665e-18  4.23106947e-16  1.45515576e-18  2.60124255e-09  4.36589659e-08  1.58449728e-09  1.30000000e-07  4.35051568e-01  4.00000000e-01  1.00000000e-01 
 1.30000000e-07  3.02607585e-21 -1.23585492e-18  4.02263339e-16  3.37237536e-18  4.34688120e-08  7.00548803e-07  2.52230371e-08  1.30000000e-07  4.35051568e-01  4.00000000e-01  2.00000000e-01 
 1.30000000e-07  4.71844258e-20 -1.15672543e-18  4.10031415e-16  3.37929588e-17  7.19213301e-07  1.10969154e-05  4.03817269e-07  1.30000000e-07  4.35051568e-01  4.00000000e-01  3.00000000e-01 
 1.30000000e-07  7.16420383e-19 -6.32335268e-19  6.87118209e-16  3.63157565e-16  8.73570384e-06  1.21800339e-04  5.34020594e-06  1.30000000e-07  4.35051568e-01  4.00000000e-01  4.00000000e-01 
 1.30000000e-07  6.40503131e-18  5.71434770e-18  1.42981864e-15  1.19936321e-15  3.58683702e-05  4.96284672e-04  3.37956531e-05  1.30000000e-07  4.35051568e-01  4.00000000e-01  5.00000000e-01 
 1.30000000e-07  2.61564847e-17  2.97063798e-17  1.94531316e-15  1.75308583e-15  7.75724765e-05  1.15436998e-03  1.14354940e-04  1.30000000e-07  4.35051568e-01  4.00000000e-01  6.00000000e-01 
 1.30000000e-07  6.97631203e-17  8.35539165e-17  2.28942791e-15  2.08161663e-15  1.45084385e-04  1.94498750e-03  2.69131521e-04  1.30000000e-07  4.35051568e-01  4.00000000e-01  7.00000000e-01 
 1.30000000e-07  1.36901860e-16  1.67912462e-16  2.56855093e-15  2.30557830e-15  2.63685987e-04  2.65427945e-03  5.00555950e-04  1.30000000e-07  4.35051568e-01  4.00000000e-01  8.00000000e-01 
 1.30000000e-07  2.16769854e-16  2.70199295e-16  2.79178177e-15  2.44826403e-15  4.66358827e-04  3.14048690e-03  7.92392913e-04  1.30000000e-07  4.35051568e-01  4.00000000e-01  9.00000000e-01 
 1.30000000e-07  3.00348921e-16  3.79155195e-16  2.96407255e-15  2.52670795e-15  7.68822456e-04  3.38590500e-03  1.12055412e-03  1.30000000e-07  4.35051568e-01  4.00000000e-01  1.00000000e+00 
 1.30000000e-07  3.82934107e-16  4.88524126e-16  3.09724743e-15  2.56071846e-15  1.16500915e-03  3.44133818e-03  1.46323568e-03  1.30000000e-07  4.35051568e-01  4.00000000e-01  1.10000000e+00 
 1.30000000e-07  4.62178915e-16  5.94936360e-16  3.20237403e-15  2.56639073e-15  1.63770284e-03  3.36761290e-03  1.80453148e-03  1.30000000e-07  4.35051568e-01  4.00000000e-01  1.20000000e+00 
 1.30000000e-07  9.38247435e-24 -1.40629331e-18  4.50044586e-16  1.33214830e-18  1.58480608e-10  3.22465804e-09  1.18036646e-10  1.30000000e-07  4.34740454e-01  5.00000000e-01  0.00000000e+00 
 1.30000000e-07  1.37605063e-22 -1.32152470e-18  4.23030272e-16  1.38108257e-18  2.58672908e-09  5.09524298e-08  1.84405865e-09  1.30000000e-07  4.34740454e-01  5.00000000e-01  1.00000000e-01 
 1.30000000e-07  2.08645500e-21 -1.25097047e-18  4.02197278e-16  3.30134256e-18  4.33450283e-08  8.23206463e-07  2.95681109e-08  1.30000000e-07  4.34740454e-01  5.00000000e-01  2.00000000e-01 
 1.30000000e-07  3.25709851e-20 -1.19012239e-18  4.09944943e-16  3.37043056e-17  7.18325377e-07  1.30819223e-05  4.75772804e-07  1.30000000e-07  4.34740454e-01  5.00000000e-01  3.00000000e-01 
 1.30000000e-07  5.10147906e-19 -9.24172568e-19  6.85837071e-16  3.61910724e-16  8.65227494e-06  1.39385255e-04  6.21043550e-06  1.30000000e-07  4.34740454e-01  5.00000000e-01  4.00000000e-01 
 1.30000000e-07  4.65857190e-18  3.46828214e-18  1.41887451e-15  1.18910755e-15  3.44409880e-05  5.28834533e-04  3.73106925e-05  1.30000000e-07  4.34740454e-01  5.00000000e-01  5.00000000e-01 
 1.30000000e-07  1.78484026e-17  1.93144204e-17  1.91594934e-15  1.73047960e-15  7.12820856e-05  1.20168958e-03  1.21777266e-04  1.30000000e-07  4.34740454e-01  5.00000000e-01  6.00000000e-01 
 1.30000000e-07  4.47791474e-17  5.21719847e-17  2.23449689e-15  2.05193816e-15  1.24460138e-04  2.01907872e-03  2.82496585e-04  1.30000000e-07  4.34740454e-01  5.00000000e-01  7.00000000e-01 
 1.30000000e-07  8.67155041e-17  1.03905918e-16  2.49255377e-15  2.28597553e-15  2.03930935e-04  2.77729390e-03  5.23547339e-04  1.30000000e-07  4.34740454e-01  5.00000000e-01  8.00000000e-01 
 1.30000000e-07  1.39349557e-16  1.69797564e-16  2.70394844e-15  2.45309461e-15  3.27220273e-04  3.33629215e-03  8.31180257e-04  1.30000000e-07  4.34740454e-01  5.00000000e-01  9.00000000e-01 
 1.30000000e-07  1.98182568e-16  2.44597355e-16  2.87067808e-15  2.56068842e-15  5.10227978e-04  3.66297975e-03  1.18298403e-03  1.30000000e-07  4.34740454e-01  5.00000000e-01  1.00000000e+00 
 1.30000000e-07  2.60469587e-16  3.24974372e-16  3.00190833e-15  2.62244673e-15  7.58485724e-04  3.79432208e-03  1.55725074e-03  1.30000000e-07  4.34740454e-01  5.00000000e-01  1.10000000e+00 
 1.30000000e-07  3.24426615e-16  4.08671320e-16  3.10753076e-15  2.65196986e-15  1.06890494e-03  3.78434081e-03  1.93714780e-03  1.30000000e-07  4.34740454e-01  5.00000000e-01  1.20000000e+00 
 1.30000000e-07  6.79744863e-24 -1.41478403e-18  4.49950798e-16  1.24573373e-18  1.56833948e-10  3.65897582e-09  1.33622549e-10  1.30000000e-07  4.34426777e-01  6.00000000e-01  0.00000000e+00 
 1.30000000e-07  9.92312447e-23 -1.32958769e-18  4.22953175e-16  1.30000293e-18  2.55302755e-09  5.81794631e-08  2.10102565e-09  1.30000000e-07  4.34426777e-01  6.00000000e-01  1.00000000e-01 
 1.30000000e-07  1.49925857e-21 -1.25939403e-18  4.02133513e-16  3.22622949e-18  4.28558387e-08  9.45017725e-07  3.38799822e-08  1.30000000e-07  4.34426777e-01  6.00000000e-01  2.00000000e-01 
 1.30000000e-07  2.34496032e-20 -1.21010194e-18  4.09901614e-16  3.36509676e-17  7.10887668e-07  1.50538415e-05  5.47268081e-07  1.30000000e-07  4.34426777e-01  6.00000000e-01  3.00000000e-01 
 1.30000000e-07  3.83243240e-19 -1.10345674e-18  6.85079292e-16  3.61139470e-16  8.50078705e-06  1.56564385e-04  7.06843687e-06  1.30000000e-07  4.34426777e-01  6.00000000e-01  4.00000000e-01 
 1.30000000e-07  3.65761222e-18  2.18478531e-18  1.41080729e-15  1.18110563e-15  3.30702637e-05  5.59049044e-04  4.06856894e-05  1.30000000e-07  4.34426777e-01  6.00000000e-01  5.00000000e-01 
 1.30000000e-07  1.35651090e-17  1.39979487e-17  1.89614816e-15  1.71342843e-15  6.66310274e-05  1.24288084e-03  1.28663997e-04  1.30000000e-07  4.34426777e-01  6.00000000e-01  6.00000000e-01 
 1.30000000e-07  3.23353783e-17  3.67450352e-17  2.19945972e-15  2.02826723e-15  1.12285189e-04  2.07693571e-03  2.94293021e-04  1.30000000e-07  4.34426777e-01  6.00000000e-01  7.00000000e-01 
 1.30000000e-07  6.08043141e-17  7.14167934e-17  2.44359211e-15  2.26442750e-15  1.73770730e-04  2.86055207e-03  5.42290768e-04  1.30000000e-07  4.34426777e-01  6.00000000e-01  8.00000000e-01 
 1.30000000e-07  9.68488277e-17  1.15729278e-16  2.64525971e-15  2.44314888e-15  2.58998678e-04  3.45959562e-03  8.60132027e-04  1.30000000e-07  4.34426777e-01  6.00000000e-01  9.00000000e-01 
 1.30000000e-07  1.38187934e-16  1.67179907e-16  2.80515279e-15  2.56743802e-15  3.78836341e-04  3.83709606e-03  1.22675003e-03  1.30000000e-07  4.34426777e-01  6.00000000e-01  1.00000000e+00 
 1.30000000e-07  1.83611570e-16  2.24466085e-16  2.93123713e-15  2.64743746e-15  5.40712946e-04  4.02246692e-03  1.62112993e-03  1.30000000e-07  4.34426777e-01  6.00000000e-01  1.10000000e+00 
 1.30000000e-07  2.32369322e-16  2.86784595e-16  3.03311281e-15  2.69486340e-15  7.47199680e-04  4.06423570e-03  2.02646430e-03  1.30000000e-07  4.34426777e-01  6.00000000e-01  1.20000000e+00 
 1.30000000e-07  4.96575578e-24 -1.41986182e-18  4.49856621e-16  1.15555093e-18  1.55205212e-10  4.08588700e-09  1.48944103e-10  1.30000000e-07  4.34111606e-01  7.00000000e-01  0.00000000e+00 
 1.30000000e-07  7.20395330e-23 -1.33442984e-18  4.22875866e-16  1.21549492e-18  2.51229468e-09  6.53024493e-08  2.35413715e-09  1.30000000e-07  4.34111606e-01  7.00000000e-01  1.00000000e-01 
 1.30000000e-07  1.08318225e-21 -1.26455224e-18  4.02071355e-16  3.14967334e-18  4.22195106e-08  1.06526541e-06  3.81342991e-08  1.30000000e-07  4.34111606e-01  7.00000000e-01  2.00000000e-01 
 1.30000000e-07  1.69921729e-20 -1.22358008e-18  4.09887297e-16  3.36238845e-17  7.00707829e-07  1.70002780e-05  6.17860827e-07  1.30000000e-07  4.34111606e-01  7.00000000e-01  3.00000000e-01 
 1.30000000e-07  2.94356180e-19 -1.22912529e-18  6.84661998e-16  3.60697153e-16  8.32308345e-06  1.73276966e-04  7.90974139e-06  1.30000000e-07  4.34111606e-01  7.00000000e-01  4.00000000e-01 
 1.30000000e-07  2.99045719e-18  1.32932653e-18  1.40441661e-15  1.17455013e-15  3.17792200e-05  5.87352650e-04  4.39274182e-05  1.30000000e-07  4.34111606e-01  7.00000000e-01  5.00000000e-01 
 1.30000000e-07  1.09476725e-17  1.07618593e-17  1.88129306e-15  1.69979551e-15  6.28153909e-05  1.28001287e-03  1.35130869e-04  1.30000000e-07  4.34111606e-01  7.00000000e-01  6.00000000e-01 
 1.30000000e-07  2.51519853e-17  2.79199493e-17  2.17473903e-15  2.00938738e-15  1.03566469e-04  2.12613000e-03  3.05065851e-04  1.30000000e-07  4.34111606e-01  7.00000000e-01  7.00000000e-01 
 1.30000000e-07  4.59426078e-17  5.30302436e-17  2.40975585e-15  2.24532945e-15  1.55132003e-04  2.92442288e-03  5.58674436e-04  1.30000000e-07  4.34111606e-01  7.00000000e-01  8.00000000e-01 
 1.30000000e-07  7.19746863e-17  8.45899932e-17  2.60462797e-15  2.42982816e-15  2.20339372e-04  3.54575795e-03  8.83940360e-04  1.30000000e-07  4.34111606e-01  7.00000000e-01  9.00000000e-01 
 1.30000000e-07  1.01889314e-16  1.21161181e-16  2.75901121e-15  2.56357945e-15  3.05657620e-04  3.95398071e-03  1.26065168e-03  1.30000000e-07  4.34111606e-01  7.00000000e-01  1.00000000e+00 
 1.30000000e-07  1.35205843e-16  1.62337744e-16  2.88001084e-15  2.65475405e-15  4.17366726e-04  4.17531096e-03  1.66848939e-03  1.30000000e-07  4.34111606e-01  7.00000000e-01  1.10000000e+00 
 1.30000000e-07  1.71824097e-16  2.08150212e-16  2.97714035e-15  2.71405192e-15  5.59493578e-04  4.25494373e-03  2.09099731e-03  1.30000000e-07  4.34111606e-01  7.00000000e-01  1.20000000e+00 
 1.30000000e-07  3.57107644e-24 -1.42308371e-18  4.49762222e-16  1.06330339e-18  1.54019214e-10  4.50474913e-09  1.63985394e-10  1.30000000e-07  4.33795490e-01  8.00000000e-01  0.00000000e+00 
 1.30000000e-07  5.13335022e-23 -1.33752005e-18  4.22798455e-16  1.12913158e-18  2.47047456e-09  7.23086996e-08  2.60299123e-09  1.30000000e-07  4.33795490e-01  8.00000000e-01  1.00000000e-01 
 1.30000000e-07  7.66338262e-22 -1.26792732e-18  4.02010439e-16  3.07273830e-18  4.15431136e-08  1.18368373e-06  4.23223064e-08  1.30000000e-07  4.33795490e-01  8.00000000e-01  2.00000000e-01 
 1.30000000e-07  1.20783486e-20 -1.23340751e-18  4.09894575e-16  3.36175177e-17  6.89666356e-07  1.89164429e-05  6.87381720e-07  1.30000000e-07  4.33795490e-01  8.00000000e-01  3.00000000e-01 
 1.30000000e-07  2.27289974e-19 -1.32426517e-18  6.84491249e-16  3.60501221e-16  8.13966850e-06  1.89512049e-04  8.73287408e-06  1.30000000e-07  4.33795490e-01  8.00000000e-01  4.00000000e-01 
 1.30000000e-07  2.50452423e-18  7.04959010e-19  1.39914682e-15  1.16901682e-15  3.05819820e-05  6.14026305e-04  4.70446736e-05  1.30000000e-07  4.33795490e-01  8.00000000e-01  5.00000000e-01 
 1.30000000e-07  9.16280588e-18  8.55720569e-18  1.86940334e-15  1.68842781e-15  5.95554124e-05  1.31408872e-03  1.41245464e-04  1.30000000e-07  4.33795490e-01  8.00000000e-01  6.00000000e-01 
 1.30000000e-07  2.05217211e-17  2.22626201e-17  2.15597175e-15  1.99391557e-15  9.66896718e-05  2.16972084e-03  3.15066825e-04  1.30000000e-07  4.33795490e-01  8.00000000e-01  7.00000000e-01 
 1.30000000e-07  3.65832734e-17  4.15660151e-17  2.38481765e-15  2.22904984e-15  1.41880177e-04  2.97737016e-03  5.73493176e-04  1.30000000e-07  4.33795490e-01  8.00000000e-01  8.00000000e-01 
 1.30000000e-07  5.63412947e-17  6.52756394e-17  2.57510524e-15  2.41671230e-15  1.95353685e-04  3.61144587e-03  9.04646495e-04  1.30000000e-07  4.33795490e-01  8.00000000e-01  9.00000000e-01 
 1.30000000e-07  7.88369676e-17  9.23777671e-17  2.72557888e-15  2.55610788e-15  2.60624004e-04  4.03813470e-03  1.28880285e-03  1.30000000e-07  4.33795490e-01  8.00000000e-01  1.00000000e+00 
 1.30000000e-07  1.03862187e-16  1.22768742e-16  2.84255805e-15  2.65415801e-15  3.42351805e-04  4.28280923e-03  1.70618958e-03  1.30000000e-07  4.33795490e-01  8.00000000e-01  1.10000000e+00 
 1.30000000e-07  1.31592528e-16  1.56800540e-16  2.93541993e-15  2.72103070e-15  4.44417360e-04  4.38893330e-03  2.14075287e-03  1.30000000e-07  4.33795490e-01  8.00000000e-01  1.20000000e+00 
 1.30000000e-07  2.45972878e-24 -1.42521256e-18  4.49667696e-16  9.69836622e-19  1.53548519e-10  4.91555802e-09  1.78752851e-10  1.30000000e-07  4.33478738e-01  9.00000000e-01  0.00000000e+00 
 1.30000000e-07  3.48316536e-23 -1.33957797e-18  4.22721001e-16  1.04168983e-18  2.43049480e-09  7.91976466e-08  2.84760180e-09  1.30000000e-07  4.33478738e-01  9.00000000e-01  1.00000000e-01 
 1.30000000e-07  5.13808387e-22 -1.27024477e-18  4.01950537e-16  2.99588923e-18  4.08793171e-08  1.30022952e-06  4.64429089e-08  1.30000000e-07  4.33478738e-01  9.00000000e-01  2.00000000e-01 
 1.30000000e-07  8.16438568e-21 -1.24096902e-18  4.09918928e-16  3.36281387e-17  6.78698851e-07  2.08013236e-05  7.55796744e-07  1.30000000e-07  4.33478738e-01  9.00000000e-01  3.00000000e-01 
 1.30000000e-07  1.74261718e-19 -1.39991414e-18  6.84510727e-16  3.60499362e-16  7.96050065e-06  2.05282267e-04  9.53782176e-06  1.30000000e-07  4.33478738e-01  9.00000000e-01  4.00000000e-01 
 1.30000000e-07  2.13023469e-18  2.22440460e-19  1.39469278e-15  1.16425384e-15  2.94807618e-05  6.39282471e-04  5.00470208e-05  1.30000000e-07  4.33478738e-01  9.00000000e-01  5.00000000e-01 
 1.30000000e-07  7.85430603e-18  6.93922215e-18  1.85948596e-15  1.67866619e-15  5.67145655e-05  1.34571163e-03  1.47055868e-04  1.30000000e-07  4.33478738e-01  9.00000000e-01  6.00000000e-01 
 1.30000000e-07  1.72893635e-17  1.83236207e-17  2.14096998e-15  1.98088498e-15  9.09910002e-05  2.20922582e-03  3.24442732e-04  1.30000000e-07  4.33478738e-01  9.00000000e-01  7.00000000e-01 
 1.30000000e-07  3.02287335e-17  3.38354271e-17  2.36546412e-15  2.21515153e-15  1.31614916e-04  3.02331227e-03  5.87148736e-04  1.30000000e-07  4.33478738e-01  9.00000000e-01  8.00000000e-01 
 1.30000000e-07  4.58542476e-17  5.24530551e-17  2.55263501e-15  2.40474122e-15  1.77483725e-04  3.66482279e-03  9.23244703e-04  1.30000000e-07  4.33478738e-01  9.00000000e-01  9.00000000e-01 
 1.30000000e-07  6.34137374e-17  7.33659658e-17  2.70045286e-15  2.54776136e-15  2.30276191e-04  4.10260070e-03  1.31325878e-03  1.30000000e-07  4.33478738e-01  9.00000000e-01  1.00000000e+00 
 1.30000000e-07  8.27808734e-17  9.65384357e-17  2.81452054e-15  2.65022169e-15  2.93292279e-04  4.36230463e-03  1.73781331e-03  1.30000000e-07  4.33478738e-01  9.00000000e-01  1.10000000e+00 
 1.30000000e-07  1.04199991e-16  1.22380035e-16  2.90400963e-15  2.72196586e-15  3.69813585e-04  4.48663267e-03  2.18121386e-03  1.30000000e-07  4.33478738e-01  9.00000000e-01  1.20000000e+00 
 1.30000000e-07  1.54595140e-24 -1.42665685e-18  4.49573099e-16  8.75609177e-19  1.53998826e-10  5.31859908e-09  1.93263144e-10  1.30000000e-07  4.33161538e-01  1.00000000e+00  0.00000000e+00 
 1.30000000e-07  2.12609594e-23 -1.34098902e-18  4.22643537e-16  9.53588435e-19  2.39379655e-09  8.59745522e-08  3.08818071e-09  1.30000000e-07  4.33161538e-01  1.00000000e+00  1.00000000e-01 
 1.30000000e-07  3.06111626e-22 -1.27189396e-18  4.01891492e-16  2.91933626e-18  4.02536418e-08  1.41496927e-06  5.04987513e-08  1.30000000e-07  4.33161538e-01  1.00000000e+00  2.00000000e-01 
 1.30000000e-07  4.94713844e-21 -1.24701986e-18  4.09957331e-16  3.36530765e-17  6.68266573e-07  2.26557866e-05  8.23138955e-07  1.30000000e-07  4.33161538e-01  1.00000000e+00  3.00000000e-01 
 1.30000000e-07  1.30968286e-19 -1.46213079e-18  6.84683139e-16  3.60655665e-16  7.79027050e-06  2.20610786e-04  1.03252725e-05  1.30000000e-07  4.33161538e-01  1.00000000e+00  4.00000000e-01 
 1.30000000e-07  1.83084877e-18 -1.65083924e-19  1.39086619e-15  1.16009752e-15  2.84714103e-05  6.63290941e-04  5.29438815e-05  1.30000000e-07  4.33161538e-01  1.00000000e+00  5.00000000e-01 
 1.30000000e-07  6.84616768e-18  5.68973614e-18  1.85098017e-15  1.67010544e-15  5.42089256e-05  1.37529424e-03  1.52599503e-04  1.30000000e-07  4.33161538e-01  1.00000000e+00  6.00000000e-01 
 1.30000000e-07  1.48984404e-17  1.54115252e-17  2.12852971e-15  1.96965715e-15  8.61345942e-05  2.24553348e-03  3.33292928e-04  1.30000000e-07  4.33161538e-01  1.00000000e+00  7.00000000e-01 
 1.30000000e-07  2.56545298e-17  2.82940302e-17  2.34983717e-15  2.20314509e-15  1.23244895e-04  3.06429337e-03  5.99878766e-04  1.30000000e-07  4.33161538e-01  1.00000000e+00  8.00000000e-01 
 1.30000000e-07  3.84220255e-17  4.34353860e-17  2.53484167e-15  2.39402909e-15  1.63759162e-04  3.71015292e-03  9.40279862e-04  1.30000000e-07  4.33161538e-01  1.00000000e+00  9.00000000e-01 
 1.30000000e-07  5.25807339e-17  6.01514620e-17  2.68087311e-15  2.53955386e-15  2.08246712e-04  4.15452237e-03  1.33513207e-03  1.30000000e-07  4.33161538e-01  1.00000000e+00  1.00000000e+00 
 1.30000000e-07  6.80213722e-17  7.84015091e-17  2.79290960e-15  2.64500721e-15  2.59009688e-04  4.42385286e-03  1.76533499e-03  1.30000000e-07  4.33161538e-01  1.00000000e+00  1.10000000e+00 
 1.30000000e-07  8.49699435e-17  9.85489850e-17  2.87988663e-15  2.71999151e-15  3.18703602e-04  4.56060948e-03  2.21549049e-03  1.30000000e-07  4.33161538e-01  1.00000000e+00  1.20000000e+00 
 1.30000000e-07  7.77027655e-25 -1.42765099e-18  4.49478469e-16  7.80887490e-19  1.55572054e-10  5.71425569e-09  2.07537168e-10  1.30000000e-07  4.32844013e-01  1.10000000e+00  0.00000000e+00 
 1.30000000e-07  9.83899718e-24 -1.34197442e-18  4.22566087e-16  8.65068971e-19  2.36109213e-09  9.26473677e-08  3.32502816e-09  1.30000000e-07  4.32844013e-01  1.10000000e+00  1.00000000e-01 
 1.30000000e-07  1.31276196e-22 -1.27309932e-18  4.01833190e-16  2.84317274e-18  3.96779713e-08  1.52802218e-06  5.44942301e-08  1.30000000e-07  4.32844013e-01  1.10000000e+00  2.00000000e-01 
 1.30000000e-07  2.24042007e-21 -1.25200878e-18  4.10007626e-16  3.36903341e-17  6.58590271e-07  2.44816163e-05  8.89473681e-07  1.30000000e-07  4.32844013e-01  1.10000000e+00  3.00000000e-01 
 1.30000000e-07  9.47845059e-20 -1.51458356e-18  6.84982081e-16  3.60944076e-16  7.63103485e-06  2.35524889e-04  1.10962310e-05  1.30000000e-07  4.32844013e-01  1.10000000e+00  4.00000000e-01 
 1.30000000e-07  1.58480568e-18 -4.84987014e-19  1.38754096e-15  1.15643420e-15  2.75473416e-05  6.86191369e-04  5.57440914e-05  1.30000000e-07  4.32844013e-01  1.10000000e+00  5.00000000e-01 
 1.30000000e-07  6.04130825e-18  4.68913372e-18  1.84353939e-15  1.66247994e-15  5.19803086e-05  1.40314130e-03  1.57906748e-04  1.30000000e-07  4.32844013e-01  1.10000000e+00  6.00000000e-01 
 1.30000000e-07  1.30526093e-17  1.31612438e-17  2.11793341e-15  1.95980460e-15  8.19226402e-05  2.27923002e-03  3.41690854e-04  1.30000000e-07  4.32844013e-01  1.10000000e+00  7.00000000e-01 
 1.30000000e-07  2.22095925e-17  2.41295195e-17  2.33683138e-15  2.19263256e-15  1.16201276e-04  3.10150588e-03  6.11841399e-04  1.30000000e-07  4.32844013e-01  1.10000000e+00  8.00000000e-01 
 1.30000000e-07  3.29133850e-17  3.67873250e-17  2.52029089e-15  2.38445800e-15  1.52698059e-04  3.74983108e-03  9.56084278e-04  1.30000000e-07  4.32844013e-01  1.10000000e+00  9.00000000e-01 
 1.30000000e-07  4.46420526e-17  5.05464831e-17  2.66511440e-15  2.53182401e-15  1.91318615e-04  4.19798584e-03  1.35507624e-03  1.30000000e-07  4.32844013e-01  1.10000000e+00  1.00000000e+00 
 1.30000000e-07  5.72874107e-17  6.53480292e-17  2.77575328e-15  2.63942699e-15  2.33669288e-04  4.47341517e-03  1.78991015e-03  1.30000000e-07  4.32844013e-01  1.10000000e+00  1.10000000e+00 
 1.30000000e-07  7.10308705e-17  8.14824629e-17  2.86091045e-15  2.71666680e-15  2.81878059e-04  4.61863018e-03  2.24542606e-03  1.30000000e-07  4.32844013e-01  1.10000000e+00  1.20000000e+00 
 1.30000000e-07  1.18229562e-25 -1.42833721e-18  4.49383829e-16  6.85835165e-19  1.58616862e-10  6.10280683e-09  2.21597027e-10  1.30000000e-07  4.32526241e-01  1.20000000e+00  0.00000000e+00 
 1.30000000e-07  5.03906378e-26 -1.34266844e-18  4.22488664e-16  7.76278535e-19  2.33279503e-09  9.92251823e-08  3.55847669e-09  1.30000000e-07  4.32526241e-01  1.20000000e+00  1.00000000e-01 
 1.30000000e-07 -1.85827229e-23 -1.27399780e-18  4.01775545e-16  2.76743572e-18  3.91578119e-08  1.63953195e-06  5.84344632e-08  1.30000000e-07  4.32526241e-01  1.20000000e+00  2.00000000e-01 
 1.30000000e-07 -7.83376932e-23 -1.25622032e-18  4.10068203e-16  3.37383710e-17  6.49775891e-07  2.62810350e-05  9.54880323e-07  1.30000000e-07  4.32526241e-01  1.20000000e+00  3.00000000e-01 
 1.30000000e-07  6.39914748e-20 -1.55965823e-18  6.85387956e-16  3.61344912e-16  7.48363347e-06  2.50052977e-04  1.18518199e-05  1.30000000e-07  4.32526241e-01  1.20000000e+00  4.00000000e-01 
 1.30000000e-07  1.37843258e-18 -7.54571957e-19  1.38462750e-15  1.15318100e-15  2.67019650e-05  7.08101222e-04  5.84557329e-05  1.30000000e-07  4.32526241e-01  1.20000000e+00  5.00000000e-01 
 1.30000000e-07  5.38147112e-18  3.86597440e-18  1.83693415e-15  1.65560600e-15  4.99870363e-05  1.42948963e-03  1.63002845e-04  1.30000000e-07  4.32526241e-01  1.20000000e+00  6.00000000e-01 
 1.30000000e-07  1.15806661e-17  1.13633668e-17  2.10872445e-15  1.95103228e-15  7.82283296e-05  2.31073598e-03  3.49693712e-04  1.30000000e-07  4.32526241e-01  1.20000000e+00  7.00000000e-01 
 1.30000000e-07  1.95220432e-17  2.08824091e-17  2.32575148e-15  2.18331211e-15  1.10155474e-04  3.13571554e-03  6.23150785e-04  1.30000000e-07  4.32526241e-01  1.20000000e+00  8.00000000e-01 
 1.30000000e-07  2.86801477e-17  3.16957775e-17  2.50808170e-15  2.37586551e-15  1.43494967e-04  3.78530287e-03  9.70879333e-04  1.30000000e-07  4.32526241e-01  1.20000000e+00  9.00000000e-01 
 1.30000000e-07  3.86120740e-17  4.32952202e-17  2.65207859e-15  2.52465139e-15  1.77759107e-04  4.23544535e-03  1.37350530e-03  1.30000000e-07  4.32526241e-01  1.20000000e+00  1.00000000e+00 
 1.30000000e-07  4.92105591e-17  5.56083237e-17  2.76175747e-15  2.63387598e-15  2.14078054e-04  4.51463927e-03  1.81225686e-03  1.30000000e-07  4.32526241e-01  1.20000000e+00  1.10000000e+00 
 1.30000000e-07  6.06115916e-17  6.88562628e-17  2.84561086e-15  2.71276236e-15  2.54168354e-04  4.66558036e-03  2.27216537e-03  1.30000000e-07  4.32526241e-01  1.20000000e+00  1.20000000e+00 
 1.50000000e-07  1.47034996e-20  2.49115050e-19  6.30350219e-16  2.49115050e-19  2.61456909e-09 -3.78201212e-14  0.00000000e+00  1.50000000e-07  4.11420569e-01  0.00000000e+00  0.00000000e+00 
 1.50000000e-07  2.34200964e-19  5.28723302e-19  5.95136637e-16  5.28723314e-19  4.15079845e-08 -6.60519009e-14  0.00000000e+00  1.50000000e-07  4.11420569e-01  0.00000000e+00  1.00000000e-01 
 1.50000000e-07  3.83000618e-18  5.34886300e-18  5.73530733e-16  5.34886353e-18  6.78020326e-07 -1.27676864e-13  0.00000000e+00  1.50000000e-07  4.11420569e-01  0.00000000e+00  2.00000000e-01 
 1.50000000e-07  6.02865719e-17  8.16950039e-17  6.82140853e-16  8.16950106e-17  1.10191881e-05 -4.51256902e-13  0.00000000e+00  1.50000000e-07  4.11420569e-01  0.00000000e+00  3.00000000e-01 
 1.50000000e-07  5.12110687e-16  6.96175710e-16  1.74920526e-15  6.96175706e-16  1.31232871e-04 -2.91388297e-12  0.00000000e+00  1.50000000e-07  4.11420569e-01  0.00000000e+00  4.00000000e-01 
 1.50000000e-07  1.11750777e-15  1.52414444e-15  3.21604614e-15  1.52414444e-15  6.18070736e-04 -9.50891697e-12  0.00000000e+00  1.50000000e-07  4.11420569e-01  0.00000000e+00  5.00000000e-01 
 1.50000000e-07  1.39252329e-15  1.90325744e-15  3.89844286e-15  1.90325744e-15  1.47003641e-03 -2.10586670e-11  0.00000000e+00  1.50000000e-07  4.11420569e-01  0.00000000e+00  6.00000000e-01 
 1.50000000e-07  1.52342307e-15  2.08508990e-15  4.23186325e-15  2.08508990e-15  2.52434124e-03 -4.18773857e-11  0.00000000e+00  1.50000000e-07  4.11420569e-01  0.00000000e+00  7.00000000e-01 
 1.50000000e-07  1.59926329e-15  2.19092045e-15  4.42925673e-15  2.19092045e-15  3.64276711e-03 -7.87513709e-11  0.00000000e+00  1.50000000e-07  4.11420569e-01  0.00000000e+00  8.00000000e-01 
 1.50000000e-07  1.64937822e-15  2.26091804e-15  4.56160806e-15  2.26091804e-15  4.73514122e-03 -1.41925563e-10  0.00000000e+00  1.50000000e-07  4.11420569e-01  0.00000000e+00  9.00000000e-01 
 1.50000000e-07  1.68530539e-15  2.31099425e-15  4.65726629e-15  2.31099425e-15  5.75198831e-03 -2.46488601e-10  0.00000000e+00  1.50000000e-07  4.11420569e-01  0.00000000e+00  1.00000000e+00 
 1.50000000e-07  1.71243331e-15  2.34864248e-15  4.72972148e-15  2.34864248e-15  6.67149951e-03 -4.13788065e-10  0.00000000e+00  1.50000000e-07  4.11420569e-01  0.00000000e+00  1.10000000e+00 
 1.50000000e-07  1.73363409e-15  2.37789005e-15  4.78630897e-15  2.37789005e-15  7.48839263e-03 -6.72675578e-10  0.00000000e+00  1.50000000e-07  4.11420569e-01  0.00000000e+00  1.20000000e+00 
 1.50000000e-07  5.81945183e-22 -5.06861315e-19  6.30320899e-16  9.47555092e-19  2.57674721e-10  2.27304694e-09  8.24966462e-11  1.50000000e-07  4.11370382e-01  1.00000000e-01  0.00000000e+00 
 1.50000000e-07  9.27021577e-21 -4.66623079e-19  5.94877241e-16  1.20002114e-18  4.29171368e-09  3.67992595e-08  1.31979611e-09  1.50000000e-07  4.11370382e-01  1.00000000e-01  1.00000000e-01 
 1.50000000e-07  1.52103415e-19 -2.52400536e-19  5.69403970e-16  6.19510140e-18  7.32973704e-08  6.11023778e-07  2.17301840e-08  1.50000000e-07  4.11370382e-01  1.00000000e-01  2.00000000e-01 
 1.50000000e-07  2.52880100e-18  2.94462082e-18  6.17325097e-16  8.67011523e-17  1.24221833e-06  9.98462167e-06  3.59609721e-07  1.50000000e-07  4.11370382e-01  1.00000000e-01  3.00000000e-01 
 1.50000000e-07  3.69437555e-17  4.83330607e-17  1.26908988e-15  8.01905461e-16  1.58889427e-05  1.10495690e-04  4.82758291e-06  1.50000000e-07  4.11370382e-01  1.00000000e-01  4.00000000e-01 
 1.50000000e-07  2.68085258e-16  3.46787444e-16  2.56282330e-15  1.97017962e-15  1.11485135e-04  4.28668317e-04  3.03364206e-05  1.50000000e-07  4.11370382e-01  1.00000000e-01  5.00000000e-01 
 1.50000000e-07  6.76923999e-16  8.85231484e-16  3.48664000e-15  2.46515907e-15  4.62495219e-04  7.81996609e-04  9.15990070e-05  1.50000000e-07  4.11370382e-01  1.00000000e-01  6.00000000e-01 
 1.50000000e-07  9.93331999e-16  1.31611159e-15  3.98991537e-15  2.58928584e-15  1.15101049e-03  1.00257010e-03  1.82110904e-04  1.50000000e-07  4.11370382e-01  1.00000000e-01  7.00000000e-01 
 1.50000000e-07  1.19937636e-15  1.60340725e-15  4.27681379e-15  2.61360305e-15  2.07523690e-03  1.08439683e-03  2.87445136e-04  1.50000000e-07  4.11370382e-01  1.00000000e-01  8.00000000e-01 
 1.50000000e-07  1.33608847e-15  1.79682943e-15  4.45819638e-15  2.61442714e-15  3.10195944e-03  1.07200445e-03  3.95857974e-04  1.50000000e-07  4.11370382e-01  1.00000000e-01  9.00000000e-01 
 1.50000000e-07  1.43147023e-15  1.93295119e-15  4.58288349e-15  2.61026384e-15  4.13552361e-03  1.00693410e-03  5.00106120e-04  1.50000000e-07  4.11370382e-01  1.00000000e-01  1.00000000e+00 
 1.50000000e-07  1.50124110e-15  2.03299596e-15  4.67385999e-15  2.60561311e-15  5.12018323e-03  9.17423235e-04  5.96442797e-04  1.50000000e-07  4.11370382e-01  1.00000000e-01  1.10000000e+00 
 1.50000000e-07  1.55423269e-15  2.10914241e-15  4.74302148e-15  2.60148464e-15  6.02806164e-03  8.20401014e-04  6.83348785e-04  1.50000000e-07  4.11370382e-01  1.00000000e-01  1.20000000e+00 
 1.50000000e-07  1.03925192e-22 -6.65159573e-19  6.30282450e-16  1.06085727e-18  2.26410823e-10  2.92207763e-09  1.05501032e-10  1.50000000e-07  4.11272581e-01  2.00000000e-01  0.00000000e+00 
 1.50000000e-07  1.65439972e-21 -6.25530722e-19  5.94831732e-16  1.30096133e-18  3.90664931e-09  4.79613196e-08  1.71175394e-09  1.50000000e-07  4.11272581e-01  2.00000000e-01  1.00000000e-01 
 1.50000000e-07  2.71277774e-20 -5.61846881e-19  5.69140132e-16  6.19282709e-18  6.88063593e-08  8.06311094e-07  2.85529315e-08  1.50000000e-07  4.11272581e-01  2.00000000e-01  2.00000000e-01 
 1.50000000e-07  4.50148968e-19 -2.11224180e-22  6.13360842e-16  8.51200736e-17  1.18039765e-06  1.32063719e-05  4.76083969e-07  1.50000000e-07  4.11272581e-01  2.00000000e-01  3.00000000e-01 
 1.50000000e-07  6.48785152e-18  7.69204890e-18  1.21872233e-15  7.85583088e-16  1.28910604e-05  1.37340953e-04  6.17656296e-06  1.50000000e-07  4.11272581e-01  2.00000000e-01  4.00000000e-01 
 1.50000000e-07  5.31892534e-17  6.64727690e-17  2.30234041e-15  1.95799711e-15  5.21770593e-05  5.32622480e-04  3.74019918e-05  1.50000000e-07  4.11272581e-01  2.00000000e-01  5.00000000e-01 
 1.50000000e-07  2.14497944e-16  2.70719341e-16  3.07361096e-15  2.61940511e-15  1.59609299e-04  1.10079206e-03  1.18618656e-04  1.50000000e-07  4.11272581e-01  2.00000000e-01  6.00000000e-01 
 1.50000000e-07  4.59683641e-16  5.89302382e-16  3.62506410e-15  2.91305059e-15  4.38161344e-04  1.60267000e-03  2.55210149e-04  1.50000000e-07  4.11272581e-01  2.00000000e-01  7.00000000e-01 
 1.50000000e-07  6.94406670e-16  9.02711747e-16  3.99991361e-15  3.01127208e-15  9.48245513e-04  1.89717682e-03  4.32052663e-04  1.50000000e-07  4.11272581e-01  2.00000000e-01  8.00000000e-01 
 1.50000000e-07  8.86449162e-16  1.16461098e-15  4.25228612e-15  3.02338127e-15  1.64969253e-03  1.99329948e-03  6.27982232e-04  1.50000000e-07  4.11272581e-01  2.00000000e-01  9.00000000e-01 
 1.50000000e-07  1.03785080e-15  1.37428233e-15  4.42724429e-15  3.00157261e-15  2.46390229e-03  1.95443238e-03  8.26225022e-04  1.50000000e-07  4.11272581e-01  2.00000000e-01  1.00000000e+00 
 1.50000000e-07  1.15744302e-15  1.54173682e-15  4.55348816e-15  2.96834175e-15  3.32164576e-03  1.83869323e-03  1.01632805e-03  1.50000000e-07  4.11272581e-01  2.00000000e-01  1.10000000e+00 
 1.50000000e-07  1.25305589e-15  1.67667427e-15  4.64795775e-15  2.93303181e-15  4.17454162e-03  1.68605738e-03  1.19275105e-03  1.50000000e-07  4.11272581e-01  2.00000000e-01  1.20000000e+00 
 1.50000000e-07  4.94402427e-23 -7.09974502e-19  6.30239255e-16  1.05774235e-18  2.32092884e-10  3.57393463e-09  1.28433207e-10  1.50000000e-07  4.11162201e-01  3.00000000e-01  0.00000000e+00 
 1.50000000e-07  7.86316237e-22 -6.68903221e-19  5.94792229e-16  1.29502758e-18  4.04291767e-09  5.93872777e-08  2.11038367e-09  1.50000000e-07  4.11162201e-01  3.00000000e-01  1.00000000e-01 
 1.50000000e-07  1.28821054e-20 -6.21106445e-19  5.69047529e-16  6.13768640e-18  7.18490730e-08  1.00937223e-06  3.56105578e-08  1.50000000e-07  4.11162201e-01  3.00000000e-01  2.00000000e-01 
 1.50000000e-07  2.13183296e-19 -3.58705153e-19  6.12301133e-16  8.42562045e-17  1.23801607e-06  1.65530240e-05  5.97462615e-07  1.50000000e-07  4.11162201e-01  3.00000000e-01  3.00000000e-01 
 1.50000000e-07  2.97557768e-18  3.00165446e-18  1.20578993e-15  7.75594822e-16  1.30522310e-05  1.60622200e-04  7.47491121e-06  1.50000000e-07  4.11162201e-01  3.00000000e-01  4.00000000e-01 
 1.50000000e-07  2.12826962e-17  2.56197668e-17  2.23158812e-15  1.91926991e-15  4.49538324e-05  5.80763993e-04  4.21755295e-05  1.50000000e-07  4.11162201e-01  3.00000000e-01  5.00000000e-01 
 1.50000000e-07  8.40426418e-17  1.03445059e-16  2.88511038e-15  2.57623265e-15  1.02275813e-04  1.21740003e-03  1.31026609e-04  1.50000000e-07  4.11162201e-01  3.00000000e-01  6.00000000e-01 
 1.50000000e-07  2.09871236e-16  2.62156388e-16  3.36595792e-15  2.95324445e-15  2.24516129e-04  1.86959189e-03  2.86158484e-04  1.50000000e-07  4.11162201e-01  3.00000000e-01  7.00000000e-01 
 1.50000000e-07  3.71093585e-16  4.70200931e-16  3.74175869e-15  3.16046106e-15  4.69834185e-04  2.35215397e-03  4.99122576e-04  1.50000000e-07  4.11162201e-01  3.00000000e-01  8.00000000e-01 
 1.50000000e-07  5.34572279e-16  6.85678397e-16  4.02380930e-15  3.25386607e-15  8.64658509e-04  2.60495006e-03  7.48818187e-04  1.50000000e-07  4.11162201e-01  3.00000000e-01  9.00000000e-01 
 1.50000000e-07  6.84850104e-16  8.87288906e-16  4.23267062e-15  3.27875377e-15  1.38980729e-03  2.66605675e-03  1.01370293e-03  1.50000000e-07  4.11162201e-01  3.00000000e-01  1.00000000e+00 
 1.50000000e-07  8.17780085e-16  1.06819965e-15  4.38942230e-15  3.26620688e-15  2.00628924e-03  2.59815616e-03  1.27774362e-03  1.50000000e-07  4.11162201e-01  3.00000000e-01  1.10000000e+00 
 1.50000000e-07  9.33592230e-16  1.22764301e-15  4.50968185e-15  3.23484595e-15  2.67502033e-03  2.45420122e-03  1.53081758e-03  1.50000000e-07  4.11162201e-01  3.00000000e-01  1.20000000e+00 
 1.50000000e-07  3.32884750e-23 -7.27597504e-19  6.30194407e-16  1.02624339e-18  2.31519172e-10  4.23369401e-09  1.51581909e-10  1.50000000e-07  4.11047619e-01  4.00000000e-01  0.00000000e+00 
 1.50000000e-07  5.28987501e-22 -6.85855852e-19  5.94753030e-16  1.26347722e-18  4.04832400e-09  7.10341887e-08  2.51575477e-09  1.50000000e-07  4.11047619e-01  4.00000000e-01  1.00000000e-01 
 1.50000000e-07  8.66012355e-21 -6.42542524e-19  5.68983210e-16  6.07738207e-18  7.22660905e-08  1.21757840e-06  4.28329552e-08  1.50000000e-07  4.11047619e-01  4.00000000e-01  2.00000000e-01 
 1.50000000e-07  1.43175865e-19 -4.67974965e-19  6.11728859e-16  8.36974308e-17  1.24797372e-06  1.99857475e-05  7.22062598e-07  1.50000000e-07  4.11047619e-01  4.00000000e-01  3.00000000e-01 
 1.50000000e-07  1.97434332e-18  1.66823661e-18  1.19898052e-15  7.69165146e-16  1.29491254e-05  1.83256413e-04  8.77716843e-06  1.50000000e-07  4.11047619e-01  4.00000000e-01  4.00000000e-01 
 1.50000000e-07  1.28938048e-17  1.49811855e-17  2.20027712e-15  1.89460915e-15  4.20367255e-05  6.18161333e-04  4.65149950e-05  1.50000000e-07  4.11047619e-01  4.00000000e-01  5.00000000e-01 
 1.50000000e-07  4.52999703e-17  5.46833933e-17  2.80090714e-15  2.53085269e-15  8.53924491e-05  1.28262608e-03  1.40286784e-04  1.50000000e-07  4.11047619e-01  4.00000000e-01  6.00000000e-01 
 1.50000000e-07  1.11987250e-16  1.37203883e-16  3.22251457e-15  2.91910408e-15  1.58441160e-04  1.99873440e-03  3.04748582e-04  1.50000000e-07  4.11047619e-01  4.00000000e-01  7.00000000e-01 
 1.50000000e-07  2.09440104e-16  2.59884443e-16  3.56677663e-15  3.17847234e-15  2.89929537e-04  2.58843343e-03  5.35709225e-04  1.50000000e-07  4.11047619e-01  4.00000000e-01  8.00000000e-01 
 1.50000000e-07  3.23008881e-16  4.05509379e-16  3.84241839e-15  3.33659044e-15  5.09161926e-04  2.96246357e-03  8.15127934e-04  1.50000000e-07  4.11047619e-01  4.00000000e-01  9.00000000e-01 
 1.50000000e-07  4.40941284e-16  5.59325277e-16  4.05787671e-15  3.41812708e-15  8.25185104e-04  3.12902344e-03  1.12124358e-03  1.50000000e-07  4.11047619e-01  4.00000000e-01  1.00000000e+00 
 1.50000000e-07  5.56582528e-16  7.12451133e-16  4.22674760e-15  3.44773077e-15  1.22794515e-03  3.13862178e-03  1.43570240e-03  1.50000000e-07  4.11047619e-01  4.00000000e-01  1.10000000e+00 
 1.50000000e-07  6.66437258e-16  8.59856466e-16  4.36115441e-15  3.44448674e-15  1.69853512e-03  3.04362158e-03  1.74549527e-03  1.50000000e-07  4.11047619e-01  4.00000000e-01  1.20000000e+00 
 1.50000000e-07  2.54977255e-23 -7.36133171e-19  6.30148838e-16  9.85121512e-19  2.27480685e-10  4.88578843e-09  1.74432273e-10  1.50000000e-07  4.10931201e-01  5.00000000e-01  0.00000000e+00 
 1.50000000e-07  4.04874855e-22 -6.94068915e-19  5.94713856e-16  1.22339919e-18  3.98162555e-09  8.25941806e-08  2.91756424e-09  1.50000000e-07  4.10931201e-01  5.00000000e-01  1.00000000e-01 
 1.50000000e-07  6.62425970e-21 -6.52910314e-19  5.68929339e-16  6.01807695e-18  7.12688600e-08  1.42491352e-06  5.00173180e-08  1.50000000e-07  4.10931201e-01  5.00000000e-01  2.00000000e-01 
 1.50000000e-07  1.09512124e-19 -5.20431964e-19  6.11336626e-16  8.32865930e-17  1.23234719e-06  2.34045438e-05  8.46218028e-07  1.50000000e-07  4.10931201e-01  5.00000000e-01  3.00000000e-01 
 1.50000000e-07  1.50839745e-18  1.05017071e-18  1.19428050e-15  7.64402502e-16  1.26567518e-05  2.05161724e-04  1.00584881e-05  1.50000000e-07  4.10931201e-01  5.00000000e-01  4.00000000e-01 
 1.50000000e-07  9.40965643e-18  1.05947178e-17  2.18095812e-15  1.87715972e-15  3.97710375e-05  6.51029040e-04  5.06026755e-05  1.50000000e-07  4.10931201e-01  5.00000000e-01  5.00000000e-01 
 1.50000000e-07  3.01483565e-17  3.58481266e-17  2.75485155e-15  2.49811141e-15  7.67620093e-05  1.33137988e-03  1.48361200e-04  1.50000000e-07  4.10931201e-01  5.00000000e-01  6.00000000e-01 
 1.50000000e-07  7.04032589e-17  8.50491867e-17  3.14118207e-15  2.88092867e-15  1.31022670e-04  2.07806237e-03  3.19062400e-04  1.50000000e-07  4.10931201e-01  5.00000000e-01  7.00000000e-01 
 1.50000000e-07  1.31033150e-16  1.59990829e-16  3.45750272e-15  3.15813382e-15  2.15181626e-04  2.72262803e-03  5.60481504e-04  1.50000000e-07  4.10931201e-01  5.00000000e-01  8.00000000e-01 
 1.50000000e-07  2.06441849e-16  2.54579498e-16  3.71701211e-15  3.35091981e-15  3.47545450e-04  3.17164167e-03  8.56965125e-04  1.50000000e-07  4.10931201e-01  5.00000000e-01  9.00000000e-01 
 1.50000000e-07  2.90826428e-16  3.62033494e-16  3.92504487e-15  3.47208201e-15  5.41495806e-04  3.41743185e-03  1.18798653e-03  1.50000000e-07  4.10931201e-01  5.00000000e-01  1.00000000e+00 
 1.50000000e-07  3.80016082e-16  4.77257017e-16  4.09216262e-15  3.53882676e-15  7.99935383e-04  3.49831559e-03  1.53494879e-03  1.50000000e-07  4.10931201e-01  5.00000000e-01  1.10000000e+00 
 1.50000000e-07  4.70968401e-16  5.96357975e-16  4.22869245e-15  3.56702144e-15  1.11781805e-03  3.46095341e-03  1.88371754e-03  1.50000000e-07  4.10931201e-01  5.00000000e-01  1.20000000e+00 
 1.50000000e-07  2.06961412e-23 -7.40861642e-19  6.30102903e-16  9.39916637e-19  2.22204770e-10  5.52274250e-09  1.96738850e-10  1.50000000e-07  4.10813829e-01  6.00000000e-01  0.00000000e+00 
 1.50000000e-07  3.28387130e-22 -6.98631099e-19  5.94674716e-16  1.17980056e-18  3.88415231e-09  9.39197856e-08  3.31088576e-09  1.50000000e-07  4.10813829e-01  6.00000000e-01  1.00000000e-01 
 1.50000000e-07  5.36981689e-21 -6.58827162e-19  5.68881175e-16  5.96090837e-18  6.96493316e-08  1.62848577e-06  5.70662997e-08  1.50000000e-07  4.10813829e-01  6.00000000e-01  2.00000000e-01 
 1.50000000e-07  8.88107928e-20 -5.52244586e-19  6.11041958e-16  8.29660717e-17  1.20530142e-06  2.67609626e-05  9.68159054e-07  1.50000000e-07  4.10813829e-01  6.00000000e-01  3.00000000e-01 
 1.50000000e-07  1.22853887e-18  6.79772711e-19  1.19065990e-15  7.60611382e-16  1.22840886e-05  2.26249514e-04  1.13059028e-05  1.50000000e-07  4.10813829e-01  6.00000000e-01  4.00000000e-01 
 1.50000000e-07  7.50264965e-18  8.20391848e-18  2.16686939e-15  1.86358621e-15  3.77576224e-05  6.80933042e-04  5.44773864e-05  1.50000000e-07  4.10813829e-01  6.00000000e-01  5.00000000e-01 
 1.50000000e-07  2.26182569e-17  2.65681631e-17  2.72491180e-15  2.47380019e-15  7.07553137e-05  1.37233704e-03  1.55723287e-04  1.50000000e-07  4.10813829e-01  6.00000000e-01  6.00000000e-01 
 1.50000000e-07  4.99330087e-17  5.97123277e-17  3.09023010e-15  2.84959223e-15  1.15637651e-04  2.13666179e-03  3.31337480e-04  1.50000000e-07  4.10813829e-01  6.00000000e-01  7.00000000e-01 
 1.50000000e-07  9.04542655e-17  1.09134932e-16  3.38744270e-15  3.13180670e-15  1.77787408e-04  2.81029399e-03  5.79947200e-04  1.50000000e-07  4.10813829e-01  6.00000000e-01  8.00000000e-01 
 1.50000000e-07  1.41736307e-16  1.72331143e-16  3.63273684e-15  3.34129849e-15  2.66914026e-04  3.30281301e-03  8.87266774e-04  1.50000000e-07  4.10813829e-01  6.00000000e-01  9.00000000e-01 
 1.50000000e-07  2.01149155e-16  2.46464691e-16  3.83050156e-15  3.48561333e-15  3.93486372e-04  3.60096422e-03  1.23398269e-03  1.50000000e-07  4.10813829e-01  6.00000000e-01  1.00000000e+00 
 1.50000000e-07  2.66843218e-16  3.29510217e-16  3.99035524e-15  3.57760764e-15  5.63690988e-04  3.73565399e-03  1.60200218e-03  1.50000000e-07  4.10813829e-01  6.00000000e-01  1.10000000e+00 
 1.50000000e-07  3.37276172e-16  4.19709664e-16  4.12227914e-15  3.63050091e-15  7.78812693e-04  3.74830409e-03  1.97705239e-03  1.50000000e-07  4.10813829e-01  6.00000000e-01  1.20000000e+00 
 1.50000000e-07  1.73283544e-23 -7.43732602e-19  6.30056760e-16  8.92697831e-19  2.16829577e-10  6.14163762e-09  2.18410203e-10  1.50000000e-07  4.10695900e-01  7.00000000e-01  0.00000000e+00 
 1.50000000e-07  2.74742095e-22 -7.01412688e-19  5.94635627e-16  1.13453104e-18  3.77619192e-09  1.04951164e-07  3.69375700e-09  1.50000000e-07  4.10695900e-01  7.00000000e-01  1.00000000e-01 
 1.50000000e-07  4.49011267e-21 -6.62583963e-19  5.68836799e-16  5.90594565e-18  6.77955152e-08  1.82707750e-06  6.39393924e-08  1.50000000e-07  4.10695900e-01  7.00000000e-01  2.00000000e-01 
 1.50000000e-07  7.43134174e-20 -5.74194941e-19  6.10811398e-16  8.27086015e-17  1.17379418e-06  3.00344220e-05  1.08713320e-06  1.50000000e-07  4.10695900e-01  7.00000000e-01  3.00000000e-01 
 1.50000000e-07  1.03568584e-18  4.24553591e-19  1.18772020e-15  7.57474209e-16  1.18875837e-05  2.46507339e-04  1.25145420e-05  1.50000000e-07  4.10695900e-01  7.00000000e-01  4.00000000e-01 
 1.50000000e-07  6.27453400e-18  6.66625861e-18  2.15566383e-15  1.85239604e-15  3.59358686e-05  7.08550355e-04  5.81605623e-05  1.50000000e-07  4.10695900e-01  7.00000000e-01  5.00000000e-01 
 1.50000000e-07  1.81833101e-17  2.11317940e-17  2.70308595e-15  2.45470062e-15  6.59984345e-05  1.40844947e-03  1.62553140e-04  1.50000000e-07  4.10695900e-01  7.00000000e-01  6.00000000e-01 
 1.50000000e-07  3.83788848e-17  4.55505387e-17  3.05507502e-15  2.82458737e-15  1.05093081e-04  2.18460735e-03  3.42346953e-04  1.50000000e-07  4.10695900e-01  7.00000000e-01  7.00000000e-01 
 1.50000000e-07  6.74441217e-17  8.06751660e-17  3.33972476e-15  3.10762152e-15  1.55340814e-04  2.87489505e-03  5.96523548e-04  1.50000000e-07  4.10695900e-01  7.00000000e-01  8.00000000e-01 
 1.50000000e-07  1.03979696e-16  1.25071057e-16  3.57476830e-15  3.32530248e-15  2.21395567e-04  3.39269483e-03  9.11490996e-04  1.50000000e-07  4.10695900e-01  7.00000000e-01  9.00000000e-01 
 1.50000000e-07  1.46653043e-16  1.77407942e-16  3.76378181e-15  3.48263421e-15  3.10181345e-04  3.72399041e-03  1.26880042e-03  1.50000000e-07  4.10695900e-01  7.00000000e-01  1.00000000e+00 
 1.50000000e-07  1.94826689e-16  2.37152201e-16  3.91585082e-15  3.59023860e-15  4.27533301e-04  3.89613921e-03  1.65097498e-03  1.50000000e-07  4.10695900e-01  7.00000000e-01  1.10000000e+00 
 1.50000000e-07  2.48057575e-16  3.03964259e-16  4.04104592e-15  3.65990668e-15  5.76777295e-04  3.94713553e-03  2.04399573e-03  1.50000000e-07  4.10695900e-01  7.00000000e-01  1.20000000e+00 
 1.50000000e-07  1.47846576e-23 -7.45594005e-19  6.30010492e-16  8.44374700e-19  2.11954807e-10  6.74172488e-09  2.39428593e-10  1.50000000e-07  4.10577618e-01  8.00000000e-01  0.00000000e+00 
 1.50000000e-07  2.34225268e-22 -7.03225705e-19  5.94596596e-16  1.08839141e-18  3.66748315e-09  1.15670806e-07  4.06564423e-09  1.50000000e-07  4.10577618e-01  8.00000000e-01  1.00000000e-01 
 1.50000000e-07  3.82574778e-21 -6.65152514e-19  5.68795208e-16  5.85300300e-18  6.58950015e-08  2.02028447e-06  7.06236483e-08  1.50000000e-07  4.10577618e-01  8.00000000e-01  2.00000000e-01 
 1.50000000e-07  6.33753435e-20 -5.90555256e-19  6.10627586e-16  8.24987106e-17  1.14121199e-06  3.32179375e-05  1.20288368e-06  1.50000000e-07  4.10577618e-01  8.00000000e-01  3.00000000e-01 
 1.50000000e-07  8.91802173e-19  2.33859664e-19  1.18526301e-15  7.54817572e-16  1.14942461e-05  2.65963364e-04  1.36835402e-05  1.50000000e-07  4.10577618e-01  8.00000000e-01  4.00000000e-01 
 1.50000000e-07  5.40150540e-18  5.57238304e-18  2.14630093e-15  1.84283045e-15  3.42852941e-05  7.34286729e-04  6.16702643e-05  1.50000000e-07  4.10577618e-01  8.00000000e-01  5.00000000e-01 
 1.50000000e-07  1.52521551e-17  1.75480246e-17  2.68596274e-15  2.43899637e-15  6.20188121e-05  1.44106727e-03  1.68948645e-04  1.50000000e-07  4.10577618e-01  8.00000000e-01  6.00000000e-01 
 1.50000000e-07  3.11113798e-17  3.67026950e-17  3.02892156e-15  2.80424624e-15  9.70227356e-05  2.22598897e-03  3.52437249e-04  1.50000000e-07  4.10577618e-01  8.00000000e-01  7.00000000e-01 
 1.50000000e-07  5.32032845e-17  6.32432072e-17  3.30514440e-15  3.08684106e-15  1.39879350e-04  2.92662860e-03  6.11243597e-04  1.50000000e-07  4.10577618e-01  8.00000000e-01  8.00000000e-01 
 1.50000000e-07  8.05197981e-17  9.60817528e-17  3.53318294e-15  3.30885477e-15  1.92462524e-04  3.45947971e-03  9.32088149e-04  1.50000000e-07  4.10577618e-01  8.00000000e-01  9.00000000e-01 
 1.50000000e-07  1.12219022e-16  1.34403358e-16  3.71574881e-15  3.47374221e-15  2.59029024e-04  3.81160353e-03  1.29707279e-03  1.50000000e-07  4.10577618e-01  8.00000000e-01  1.00000000e+00 
 1.50000000e-07  1.48143667e-16  1.78215833e-16  3.86135061e-15  3.59085005e-15  3.44173110e-04  4.00904548e-03  1.68924404e-03  1.50000000e-07  4.10577618e-01  8.00000000e-01  1.10000000e+00 
 1.50000000e-07  1.88398652e-16  2.27833422e-16  3.98010137e-15  3.67128712e-15  4.51419747e-04  4.08788868e-03  2.09493427e-03  1.50000000e-07  4.10577618e-01  8.00000000e-01  1.20000000e+00 
 1.50000000e-07  1.27721592e-23 -7.46860978e-19  6.29964143e-16  7.95397123e-19  2.07929681e-10  7.32326548e-09  2.59810596e-10  1.50000000e-07  4.10459101e-01  9.00000000e-01  0.00000000e+00 
 1.50000000e-07  2.02170184e-22 -7.04467541e-19  5.94557626e-16  1.04176977e-18  3.56268576e-09  1.26081451e-07  4.42669342e-09  1.50000000e-07  4.10459101e-01  9.00000000e-01  1.00000000e-01 
 1.50000000e-07  3.30016213e-21 -6.67006035e-19  5.68755794e-16  5.80184960e-18  6.40382657e-08  2.20809733e-06  7.71194404e-08  1.50000000e-07  4.10459101e-01  9.00000000e-01  2.00000000e-01 
 1.50000000e-07  5.47282721e-20 -6.03372061e-19  6.10480029e-16  8.23265093e-17  1.10920562e-06  3.63111548e-05  1.31539537e-06  1.50000000e-07  4.10459101e-01  9.00000000e-01  3.00000000e-01 
 1.50000000e-07  7.78971778e-19  8.39523176e-20  1.18317234e-15  7.52534217e-16  1.11165250e-05  2.84663057e-04  1.48139188e-05  1.50000000e-07  4.10459101e-01  9.00000000e-01  4.00000000e-01 
 1.50000000e-07  4.74042303e-18  4.74242403e-18  2.13823365e-15  1.83445526e-15  3.27890713e-05  7.58427535e-04  6.50227649e-05  1.50000000e-07  4.10459101e-01  9.00000000e-01  5.00000000e-01 
 1.50000000e-07  1.31561415e-17  1.49866830e-17  2.67186520e-15  2.42564588e-15  5.85970796e-05  1.47095747e-03  1.74975405e-04  1.50000000e-07  4.10459101e-01  9.00000000e-01  6.00000000e-01 
 1.50000000e-07  2.61515943e-17  3.06895001e-17  3.00835521e-15  2.78726384e-15  9.04661445e-05  2.26278405e-03  3.61801476e-04  1.50000000e-07  4.10459101e-01  9.00000000e-01  7.00000000e-01 
 1.50000000e-07  4.37134055e-17  5.17166681e-17  3.27872275e-15  3.06911943e-15  1.28214685e-04  2.97031459e-03  6.24624265e-04  1.50000000e-07  4.10459101e-01  9.00000000e-01  8.00000000e-01 
 1.50000000e-07  6.50217176e-17  7.71318692e-17  3.50199089e-15  3.29367033e-15  1.72202938e-04  3.51237319e-03  9.50268334e-04  1.50000000e-07  4.10459101e-01  9.00000000e-01  9.00000000e-01 
 1.50000000e-07  8.94311897e-17  1.06296865e-16  3.68005541e-15  3.46324278e-15  2.24915863e-04  3.87765833e-03  1.32116620e-03  1.50000000e-07  4.10459101e-01  9.00000000e-01  1.00000000e+00 
 1.50000000e-07  1.16925495e-16  1.39345089e-16  3.82079934e-15  3.58630418e-15  2.89744455e-04  4.09203968e-03  1.72076185e-03  1.50000000e-07  4.10459101e-01  9.00000000e-01  1.10000000e+00 
 1.50000000e-07  1.47805052e-16  1.76792731e-16  3.93424136e-15  3.67360791e-15  3.69787850e-04  4.19066067e-03  2.13572125e-03  1.50000000e-07  4.10459101e-01  9.00000000e-01  1.20000000e+00 
 1.50000000e-07  1.11289542e-23 -7.47755697e-19  6.29917742e-16  7.46008235e-19  2.04989430e-10  7.88696986e-09  2.79588049e-10  1.50000000e-07  4.10340416e-01  1.00000000e+00  0.00000000e+00 
 1.50000000e-07  1.75997430e-22 -7.05350967e-19  5.94518715e-16  9.94870512e-19  3.46397050e-09  1.36195333e-07  4.77736551e-09  1.50000000e-07  4.10340416e-01  1.00000000e+00  1.00000000e-01 
 1.50000000e-07  2.87104162e-21 -6.68399310e-19  5.68718147e-16  5.75226776e-18  6.22676595e-08  2.39069660e-06  8.34334890e-08  1.50000000e-07  4.10340416e-01  1.00000000e+00  2.00000000e-01 
 1.50000000e-07  4.76721664e-20 -6.13764603e-19  6.10361729e-16  8.21851561e-17  1.07856120e-06  3.93169264e-05  1.42476993e-06  1.50000000e-07  4.10340416e-01  1.00000000e+00  3.00000000e-01 
 1.50000000e-07  6.87461493e-19 -3.80023383e-20  1.18137287e-15  7.50551865e-16  1.07596961e-05  3.02657460e-04  1.59075422e-05  1.50000000e-07  4.10340416e-01  1.00000000e+00  4.00000000e-01 
 1.50000000e-07  4.21797001e-18  4.08474414e-18  2.13113751e-15  1.82699786e-15  3.14307420e-05  7.81189614e-04  6.82326645e-05  1.50000000e-07  4.10340416e-01  1.00000000e+00  5.00000000e-01 
 1.50000000e-07  1.15722530e-17  1.30494787e-17  2.65986948e-15  2.41401636e-15  5.56064651e-05  1.49862162e-03  1.80682370e-04  1.50000000e-07  4.10340416e-01  1.00000000e+00  6.00000000e-01 
 1.50000000e-07  2.25540913e-17  2.63372185e-17  2.99151246e-15  2.77274815e-15  8.49524620e-05  2.29610574e-03  3.70565014e-04  1.50000000e-07  4.10340416e-01  1.00000000e+00  7.00000000e-01 
 1.50000000e-07  3.70017905e-17  4.36090788e-17  3.25766295e-15  3.05387055e-15  1.18892078e-04  3.00847041e-03  6.36963869e-04  1.50000000e-07  4.10340416e-01  1.00000000e+00  8.00000000e-01 
 1.50000000e-07  5.42144356e-17  6.40275748e-17  3.47763150e-15  3.28006950e-15  1.56957986e-04  3.55627672e-03  9.66694018e-04  1.50000000e-07  4.10340416e-01  1.00000000e+00  9.00000000e-01 
 1.50000000e-07  7.36446769e-17  8.70300344e-17  3.65260604e-15  3.45277726e-15  2.00505939e-04  3.92993248e-03  1.34237570e-03  1.50000000e-07  4.10340416e-01  1.00000000e+00  1.00000000e+00 
 1.50000000e-07  9.52899057e-17  1.12730275e-16  3.78986151e-15  3.57976570e-15  2.51982375e-04  4.15566508e-03  1.74774248e-03  1.50000000e-07  4.10340416e-01  1.00000000e+00  1.10000000e+00 
 1.50000000e-07  1.19474591e-16  1.41639660e-16  3.89922703e-15  3.67155125e-15  3.13936129e-04  4.26823676e-03  2.16974271e-03  1.50000000e-07  4.10340416e-01  1.00000000e+00  1.20000000e+00 
 1.50000000e-07  9.75623687e-24 -7.48405624e-19  6.29871307e-16  6.96348820e-19  2.03342918e-10  8.43370328e-09  2.98798666e-10  1.50000000e-07  4.10221610e-01  1.10000000e+00  0.00000000e+00 
 1.50000000e-07  1.54132947e-22 -7.05998161e-19  5.94479859e-16  9.47808332e-19  3.37228897e-09  1.46028847e-07  5.11825465e-09  1.50000000e-07  4.10221610e-01  1.10000000e+00  1.00000000e-01 
 1.50000000e-07  2.51256724e-21 -6.69480429e-19  5.68681975e-16  5.70406706e-18  6.06014896e-08  2.56835003e-06  8.95753545e-08  1.50000000e-07  4.10221610e-01  1.10000000e+00  2.00000000e-01 
 1.50000000e-07  4.17803640e-20 -6.22406307e-19  6.10267702e-16  8.20696535e-17  1.04962945e-06  4.22395916e-05  1.53116266e-06  1.50000000e-07  4.10221610e-01  1.10000000e+00  3.00000000e-01 
 1.50000000e-07  6.11418271e-19 -1.39691183e-19  1.17981197e-15  7.48818776e-16  1.04255367e-05  3.19997709e-04  1.69665986e-05  1.50000000e-07  4.10221610e-01  1.10000000e+00  4.00000000e-01 
 1.50000000e-07  3.79229426e-18  3.54725530e-18  2.12480252e-15  1.82027466e-15  3.01950451e-05  8.02744906e-04  7.13129433e-05  1.50000000e-07  4.10221610e-01  1.10000000e+00  5.00000000e-01 
 1.50000000e-07  1.03265702e-17  1.15232346e-17  2.64941927e-15  2.40370013e-15  5.29633984e-05  1.52441783e-03  1.86108153e-04  1.50000000e-07  4.10221610e-01  1.10000000e+00  6.00000000e-01 
 1.50000000e-07  1.98220472e-17  2.30340153e-17  2.97729736e-15  2.76009605e-15  8.02140723e-05  2.32665904e-03  3.78817563e-04  1.50000000e-07  4.10221610e-01  1.10000000e+00  7.00000000e-01 
 1.50000000e-07  3.20259500e-17  3.76195383e-17  3.24031196e-15  3.04057907e-15  1.11160984e-04  3.04254509e-03  6.48455228e-04  1.50000000e-07  4.10221610e-01  1.10000000e+00  8.00000000e-01 
 1.50000000e-07  4.63268377e-17  5.45240876e-17  3.45794772e-15  3.26795078e-15  1.44884137e-04  3.59396549e-03  9.81764591e-04  1.50000000e-07  4.10221610e-01  1.10000000e+00  9.00000000e-01 
 1.50000000e-07  6.22433404e-17  7.32353456e-17  3.63080149e-15  3.44291148e-15  1.82028711e-04  3.97294514e-03  1.36146319e-03  1.50000000e-07  4.10221610e-01  1.10000000e+00  1.00000000e+00 
 1.50000000e-07  7.97506520e-17  9.38135276e-17  3.76560023e-15  3.57264899e-15  2.24352501e-04  4.20629856e-03  1.77149286e-03  1.50000000e-07  4.10221610e-01  1.10000000e+00  1.10000000e+00 
 1.50000000e-07  9.91306844e-17  1.16691585e-16  3.87194329e-15  3.66748218e-15  2.73903847e-04  4.32870954e-03  2.19903112e-03  1.50000000e-07  4.10221610e-01  1.10000000e+00  1.20000000e+00 
 1.50000000e-07  8.58925070e-24 -7.48888065e-19  6.29824850e-16  6.46505024e-19  2.03335633e-10  8.96423476e-09  3.17481388e-10  1.50000000e-07  4.10102713e-01  1.20000000e+00  0.00000000e+00 
 1.50000000e-07  1.35545156e-22 -7.06483315e-19  5.94441057e-16  9.00650764e-19  3.28806701e-09  1.55599933e-07  5.44999624e-09  1.50000000e-07  4.10102713e-01  1.20000000e+00  1.00000000e-01 
 1.50000000e-07  2.20781969e-21 -6.70340813e-19  5.68647056e-16  5.65708515e-18  5.90467480e-08  2.74136195e-06  9.55556391e-08  1.50000000e-07  4.10102713e-01  1.20000000e+00  2.00000000e-01 
 1.50000000e-07  3.67735329e-20 -6.29732009e-19  6.10194231e-16  8.19762053e-17  1.02255302e-06  4.50841245e-05  1.63474985e-06  1.50000000e-07  4.10102713e-01  1.20000000e+00  3.00000000e-01 
 1.50000000e-07  5.47052565e-19 -2.26076416e-19  1.17845101e-15  7.47296252e-16  1.01142781e-05  3.36732799e-04  1.79933409e-05  1.50000000e-07  4.10102713e-01  1.20000000e+00  4.00000000e-01 
 1.50000000e-07  3.43748496e-18  3.09780860e-18  2.11908376e-15  1.81415514e-15  2.90689995e-05  8.23233899e-04  7.42750786e-05  1.50000000e-07  4.10102713e-01  1.20000000e+00  5.00000000e-01 
 1.50000000e-07  9.31716761e-18  1.02836270e-17  2.64015537e-15  2.39442067e-15  5.06095992e-05  1.54861715e-03  1.91284192e-04  1.50000000e-07  4.10102713e-01  1.20000000e+00  6.00000000e-01 
 1.50000000e-07  1.76728784e-17  2.04343254e-17  2.96502304e-15  2.74889156e-15  7.60836408e-05  2.35493110e-03  3.86627319e-04  1.50000000e-07  4.10102713e-01  1.20000000e+00  7.00000000e-01 
 1.50000000e-07  2.81965194e-17  3.30191824e-17  3.22564149e-15  3.02884391e-15  1.04593553e-04  3.07344799e-03  6.59233793e-04  1.50000000e-07  4.10102713e-01  1.20000000e+00  8.00000000e-01 
 1.50000000e-07  4.03493194e-17  4.73549776e-17  3.44159016e-15  3.25711305e-15  1.34975437e-04  3.62711258e-03  9.95741592e-04  1.50000000e-07  4.10102713e-01  1.20000000e+00  9.00000000e-01 
 1.50000000e-07  5.37044376e-17  6.29752051e-17  3.61297770e-15  3.43379040e-15  1.67428593e-04  4.00943364e-03  1.37890875e-03  1.50000000e-07  4.10102713e-01  1.20000000e+00  1.00000000e+00 
 1.50000000e-07  6.82124137e-17  7.98909127e-17  3.74605795e-15  3.56556478e-15  2.03222860e-04  4.24789454e-03  1.79282704e-03  1.50000000e-07  4.10102713e-01  1.20000000e+00  1.10000000e+00 
 1.50000000e-07  8.40959433e-17  9.84434088e-17  3.85019806e-15  3.66257417e-15  2.43999598e-04  4.37725745e-03  2.22485765e-03  1.50000000e-07  4.10102713e-01  1.20000000e+00  1.20000000e+00 
 1.70000000e-07  2.93157313e-20  3.29797475e-19  7.98892832e-16  3.29797475e-19  3.91437685e-09 -3.78541605e-14  0.00000000e+00  1.70000000e-07  3.88901283e-01  0.00000000e+00  0.00000000e+00 
 1.70000000e-07  4.93187718e-19  9.31894346e-19  7.56360011e-16  9.31894377e-19  6.56150325e-08 -6.66953116e-14  0.00000000e+00  1.70000000e-07  3.88901283e-01  0.00000000e+00  1.00000000e-01 
 1.70000000e-07  8.48689126e-18  1.16490331e-17  7.38190717e-16  1.16490345e-17  1.12921604e-06 -1.41121324e-13  0.00000000e+00  1.70000000e-07  3.88901283e-01  0.00000000e+00  2.00000000e-01 
 1.70000000e-07  1.33617317e-16  1.80702936e-16  1.00372590e-15  1.80702937e-16  1.88486804e-05 -6.99724769e-13  0.00000000e+00  1.70000000e-07  3.88901283e-01  0.00000000e+00  3.00000000e-01 
 1.70000000e-07  8.63201745e-16  1.17179066e-15  2.73291816e-15  1.17179066e-15  1.94695407e-04 -4.55617579e-12  0.00000000e+00  1.70000000e-07  3.88901283e-01  0.00000000e+00  4.00000000e-01 
 1.70000000e-07  1.53039495e-15  2.08361541e-15  4.34996739e-15  2.08361541e-15  7.48530946e-04 -1.31554575e-11  0.00000000e+00  1.70000000e-07  3.88901283e-01  0.00000000e+00  5.00000000e-01 
 1.70000000e-07  1.81518020e-15  2.47598910e-15  5.05758021e-15  2.47598910e-15  1.59872599e-03 -2.83159908e-11  0.00000000e+00  1.70000000e-07  3.88901283e-01  0.00000000e+00  6.00000000e-01 
 1.70000000e-07  1.95644775e-15  2.67197084e-15  5.41766162e-15  2.67197084e-15  2.58821253e-03 -5.56674734e-11  0.00000000e+00  1.70000000e-07  3.88901283e-01  0.00000000e+00  7.00000000e-01 
 1.70000000e-07  2.04096137e-15  2.78962210e-15  5.63742056e-15  2.78962210e-15  3.60365633e-03 -1.03793476e-10  0.00000000e+00  1.70000000e-07  3.88901283e-01  0.00000000e+00  8.00000000e-01 
 1.70000000e-07  2.09792226e-15  2.86890868e-15  5.78745618e-15  2.86890868e-15  4.57715096e-03 -1.85595773e-10  0.00000000e+00  1.70000000e-07  3.88901283e-01  0.00000000e+00  9.00000000e-01 
 1.70000000e-07  2.13925541e-15  2.92627263e-15  5.89706478e-15  2.92627263e-15  5.47403540e-03 -3.19879692e-10  0.00000000e+00  1.70000000e-07  3.88901283e-01  0.00000000e+00  1.00000000e+00 
 1.70000000e-07  2.17070291e-15  2.96969682e-15  5.98062358e-15  2.96969682e-15  6.28064649e-03 -5.32921078e-10  0.00000000e+00  1.70000000e-07  3.88901283e-01  0.00000000e+00  1.10000000e+00 
 1.70000000e-07  2.19539709e-15  3.00357074e-15  6.04613182e-15  3.00357074e-15  6.99532317e-03 -8.59735844e-10  0.00000000e+00  1.70000000e-07  3.88901283e-01  0.00000000e+00  1.20000000e+00 
 1.70000000e-07  1.10236291e-21 -2.77392195e-19  7.98857898e-16  8.65497171e-19  3.69286015e-10  3.40742557e-09  1.21263289e-10  1.70000000e-07  3.88877624e-01  1.00000000e-01  0.00000000e+00 
 1.70000000e-07  1.85507872e-20 -2.39037274e-19  7.55833454e-16  1.46398859e-18  6.48803329e-09  5.81927526e-08  2.04774124e-09  1.70000000e-07  3.88877624e-01  1.00000000e-01  1.00000000e-01 
 1.70000000e-07  3.21128894e-19  1.77964926e-19  7.29053858e-16  1.26140616e-17  1.16651765e-07  1.01691979e-06  3.55313156e-08  1.70000000e-07  3.88877624e-01  1.00000000e-01  2.00000000e-01 
 1.70000000e-07  5.57436090e-18  7.22213267e-18  8.61571029e-16  1.92391842e-16  2.03321071e-06  1.69439166e-05  6.09485076e-07  1.70000000e-07  3.88877624e-01  1.00000000e-01  3.00000000e-01 
 1.70000000e-07  7.76442569e-17  1.01538134e-16  1.98417168e-15  1.39631243e-15  2.37515770e-05  1.58091013e-04  7.49312078e-06  1.70000000e-07  3.88877624e-01  1.00000000e-01  4.00000000e-01 
 1.70000000e-07  4.51384526e-16  5.83582881e-16  3.58220119e-15  2.72420613e-15  1.53345102e-04  4.89885087e-04  3.91360022e-05  1.70000000e-07  3.88877624e-01  1.00000000e-01  5.00000000e-01 
 1.70000000e-07  9.62930577e-16  1.26111246e-15  4.59910771e-15  3.18334951e-15  5.61464666e-04  7.89352786e-04  1.04132459e-04  1.70000000e-07  3.88877624e-01  1.00000000e-01  6.00000000e-01 
 1.70000000e-07  1.32907426e-15  1.76183191e-15  5.14597276e-15  3.28500810e-15  1.26811248e-03  9.49007277e-04  1.92208448e-04  1.70000000e-07  3.88877624e-01  1.00000000e-01  7.00000000e-01 
 1.70000000e-07  1.56633424e-15  2.09322167e-15  5.46375230e-15  3.29838722e-15  2.15414092e-03  9.91240804e-04  2.90006280e-04  1.70000000e-07  3.88877624e-01  1.00000000e-01  8.00000000e-01 
 1.70000000e-07  1.72496546e-15  2.31766717e-15  5.66830121e-15  3.29283445e-15  3.10267354e-03  9.60829453e-04  3.88049460e-04  1.70000000e-07  3.88877624e-01  1.00000000e-01  9.00000000e-01 
 1.70000000e-07  1.83646266e-15  2.47662706e-15  5.81070556e-15  3.28454448e-15  4.03756233e-03  8.92435267e-04  4.80920811e-04  1.70000000e-07  3.88877624e-01  1.00000000e-01  1.00000000e+00 
 1.70000000e-07  1.91843242e-15  2.59396554e-15  5.91545492e-15  3.27706120e-15  4.91707011e-03  8.07944810e-04  5.66010274e-04  1.70000000e-07  3.88877624e-01  1.00000000e-01  1.10000000e+00 
 1.70000000e-07  1.98088408e-15  2.68351359e-15  5.99548011e-15  3.27088658e-15  5.72175818e-03  7.19937865e-04  6.42399021e-04  1.70000000e-07  3.88877624e-01  1.00000000e-01  1.20000000e+00 
 1.70000000e-07  1.95636177e-22 -3.79617882e-19  7.98835828e-16  9.38675970e-19  3.23663878e-10  4.35446131e-09  1.54209968e-10  1.70000000e-07  3.88833008e-01  2.00000000e-01  0.00000000e+00 
 1.70000000e-07  3.29116060e-21 -3.54890008e-19  7.55787095e-16  1.52035401e-18  5.88554251e-09  7.53493565e-08  2.63937372e-09  1.70000000e-07  3.88833008e-01  2.00000000e-01  1.00000000e-01 
 1.70000000e-07  5.69437023e-20 -2.67621286e-19  7.28524730e-16  1.24449276e-17  1.08954052e-07  1.33194847e-06  4.63620529e-08  1.70000000e-07  3.88833008e-01  2.00000000e-01  2.00000000e-01 
 1.70000000e-07  9.84133566e-19  9.57055246e-19  8.52767404e-16  1.88623667e-16  1.89780825e-06  2.20878091e-05  7.98080334e-07  1.70000000e-07  3.88833008e-01  2.00000000e-01  3.00000000e-01 
 1.70000000e-07  1.33917403e-17  1.69203903e-17  1.88427728e-15  1.36795460e-15  1.72912773e-05  1.92431254e-04  9.38252142e-06  1.70000000e-07  3.88833008e-01  2.00000000e-01  4.00000000e-01 
 1.70000000e-07  9.61034239e-17  1.20893438e-16  3.18226112e-15  2.73768661e-15  6.29107105e-05  6.22976201e-04  4.83532898e-05  1.70000000e-07  3.88833008e-01  2.00000000e-01  5.00000000e-01 
 1.70000000e-07  3.34577407e-16  4.23782226e-16  4.07482651e-15  3.43640662e-15  1.93131723e-04  1.15333507e-03  1.37354590e-04  1.70000000e-07  3.88833008e-01  2.00000000e-01  6.00000000e-01 
 1.70000000e-07  6.51874458e-16  8.37958376e-16  4.70723317e-15  3.72423700e-15  5.07194682e-04  1.56609257e-03  2.74909726e-04  1.70000000e-07  3.88833008e-01  2.00000000e-01  7.00000000e-01 
 1.70000000e-07  9.41147181e-16  1.22547649e-15  5.13434339e-15  3.80562044e-15  1.03532796e-03  1.77783268e-03  4.43737860e-04  1.70000000e-07  3.88833008e-01  2.00000000e-01  8.00000000e-01 
 1.70000000e-07  1.17458435e-15  1.54439095e-15  5.42344685e-15  3.80054973e-15  1.72292188e-03  1.82229263e-03  6.24879687e-04  1.70000000e-07  3.88833008e-01  2.00000000e-01  9.00000000e-01 
 1.70000000e-07  1.35783096e-15  1.79831462e-15  5.62550389e-15  3.76363966e-15  2.49520646e-03  1.76031310e-03  8.04665844e-04  1.70000000e-07  3.88833008e-01  2.00000000e-01  1.00000000e+00 
 1.70000000e-07  1.50219004e-15  2.00039693e-15  5.77222291e-15  3.71766202e-15  3.29197033e-03  1.64077547e-03  9.75043402e-04  1.70000000e-07  3.88833008e-01  2.00000000e-01  1.10000000e+00 
 1.70000000e-07  1.61730619e-15  2.16271708e-15  5.88242569e-15  3.67168970e-15  4.07307583e-03  1.49560685e-03  1.13198090e-03  1.70000000e-07  3.88833008e-01  2.00000000e-01  1.20000000e+00 
 1.70000000e-07  9.37731439e-23 -4.07681660e-19  7.98811725e-16  9.38106422e-19  3.30151265e-10  5.30177043e-09  1.86931894e-10  1.70000000e-07  3.88782738e-01  3.00000000e-01  0.00000000e+00 
 1.70000000e-07  1.57684172e-21 -3.83577179e-19  7.55759253e-16  1.51317367e-18  6.06075804e-09  9.28295159e-08  3.23845912e-09  1.70000000e-07  3.88782738e-01  3.00000000e-01  1.00000000e-01 
 1.70000000e-07  2.72637758e-20 -3.32519061e-19  7.28366908e-16  1.23226007e-17  1.13168407e-07  1.65763219e-06  5.75076861e-08  1.70000000e-07  3.88782738e-01  3.00000000e-01  2.00000000e-01 
 1.70000000e-07  4.68328284e-19  2.40328350e-19  8.50367566e-16  1.86595567e-16  1.97441443e-06  2.73370423e-05  9.92386077e-07  1.70000000e-07  3.88782738e-01  3.00000000e-01  3.00000000e-01 
 1.70000000e-07  5.97061227e-18  7.19623569e-18  1.85933359e-15  1.34942911e-15  1.70354203e-05  2.18860128e-04  1.10965675e-05  1.70000000e-07  3.88782738e-01  3.00000000e-01  4.00000000e-01 
 1.70000000e-07  3.67489744e-17  4.53854269e-17  3.06512290e-15  2.68149927e-15  5.07328083e-05  6.77428222e-04  5.38921798e-05  1.70000000e-07  3.88782738e-01  3.00000000e-01  5.00000000e-01 
 1.70000000e-07  1.32516600e-16  1.64393403e-16  3.80739422e-15  3.39723887e-15  1.14533512e-04  1.29060847e-03  1.51821768e-04  1.70000000e-07  3.88782738e-01  3.00000000e-01  6.00000000e-01 
 1.70000000e-07  3.06231961e-16  3.84343780e-16  4.37122629e-15  3.80574968e-15  2.53639135e-04  1.86089597e-03  3.10519047e-04  1.70000000e-07  3.88782738e-01  3.00000000e-01  7.00000000e-01 
 1.70000000e-07  5.16450955e-16  6.56598649e-16  4.81017738e-15  4.01866594e-15  5.20331115e-04  2.24670027e-03  5.17697685e-04  1.70000000e-07  3.88782738e-01  3.00000000e-01  8.00000000e-01 
 1.70000000e-07  7.24635985e-16  9.31760610e-16  5.13999807e-15  4.10477340e-15  9.27632199e-04  2.42496307e-03  7.52866224e-04  1.70000000e-07  3.88782738e-01  3.00000000e-01  9.00000000e-01 
 1.70000000e-07  9.13828263e-16  1.18606090e-15  5.38579914e-15  4.11717842e-15  1.44970424e-03  2.44198835e-03  9.97309844e-04  1.70000000e-07  3.88782738e-01  3.00000000e-01  1.00000000e+00 
 1.70000000e-07  1.07977456e-15  1.41216344e-15  5.57131063e-15  4.09055853e-15  2.04739603e-03  2.35461782e-03  1.23779967e-03  1.70000000e-07  3.88782738e-01  3.00000000e-01  1.10000000e+00 
 1.70000000e-07  1.22325732e-15  1.60979552e-15  5.71402451e-15  4.04518161e-15  2.68416969e-03  2.20778718e-03  1.46626792e-03  1.70000000e-07  3.88782738e-01  3.00000000e-01  1.20000000e+00 
 1.70000000e-07  6.40841404e-23 -4.18647386e-19  7.98786772e-16  9.20209223e-19  3.27618156e-10  6.25593761e-09  2.19806323e-10  1.70000000e-07  3.88730575e-01  4.00000000e-01  0.00000000e+00 
 1.70000000e-07  1.07720170e-21 -3.94570584e-19  7.55734054e-16  1.49193601e-18  6.03900442e-09  1.10558032e-07  3.84467126e-09  1.70000000e-07  3.88730575e-01  4.00000000e-01  1.00000000e-01 
 1.70000000e-07  1.86164288e-20 -3.53881227e-19  7.28270292e-16  1.22273573e-17  1.13250573e-07  1.98978420e-06  6.88545756e-08  1.70000000e-07  3.88730575e-01  4.00000000e-01  2.00000000e-01 
 1.70000000e-07  3.18863196e-19  3.12227130e-20  8.49022285e-16  1.85260133e-16  1.97796539e-06  3.26744018e-05  1.19046650e-06  1.70000000e-07  3.88730575e-01  4.00000000e-01  3.00000000e-01 
 1.70000000e-07  3.92744741e-18  4.53302443e-18  1.84651021e-15  1.33754383e-15  1.66808374e-05  2.43666667e-04  1.27842521e-05  1.70000000e-07  3.88730575e-01  4.00000000e-01  4.00000000e-01 
 1.70000000e-07  2.13132511e-17  2.59599491e-17  3.01573481e-15  2.64534932e-15  4.63295004e-05  7.16426690e-04  5.87248145e-05  1.70000000e-07  3.88730575e-01  4.00000000e-01  5.00000000e-01 
 1.70000000e-07  6.93639620e-17  8.49216156e-17  3.68442902e-15  3.33931278e-15  9.16021031e-05  1.36245892e-03  1.61950303e-04  1.70000000e-07  3.88730575e-01  4.00000000e-01  6.00000000e-01 
 1.70000000e-07  1.62655793e-16  2.00733713e-16  4.17672871e-15  3.77371551e-15  1.70907406e-04  2.00494295e-03  3.31058718e-04  1.70000000e-07  3.88730575e-01  4.00000000e-01  7.00000000e-01 
 1.70000000e-07  2.93255926e-16  3.65746897e-16  4.58106282e-15  4.05772666e-15  3.14457078e-04  2.49981041e-03  5.57905635e-04  1.70000000e-07  3.88730575e-01  4.00000000e-01  8.00000000e-01 
 1.70000000e-07  4.42460731e-16  5.57698201e-16  4.90614426e-15  4.22414760e-15  5.46959438e-04  2.79236963e-03  8.24188585e-04  1.70000000e-07  3.88730575e-01  4.00000000e-01  9.00000000e-01 
 1.70000000e-07  5.95732011e-16  7.58164641e-16  5.16274827e-15  4.30416245e-15  8.71935811e-04  2.90384652e-03  1.11031755e-03  1.70000000e-07  3.88730575e-01  4.00000000e-01  1.00000000e+00 
 1.70000000e-07  7.44613821e-16  9.55755618e-16  5.36567803e-15  4.32644455e-15  1.27631543e-03  2.88249243e-03  1.40053553e-03  1.70000000e-07  3.88730575e-01  4.00000000e-01  1.10000000e+00 
 1.70000000e-07  8.84685183e-16  1.14403279e-15  5.52797459e-15  4.31259941e-15  1.74017660e-03  2.77429592e-03  1.68393425e-03  1.70000000e-07  3.88730575e-01  4.00000000e-01  1.20000000e+00 
 1.70000000e-07  5.00103985e-23 -4.23954735e-19  7.98761438e-16  8.96522186e-19  3.20166129e-10  7.19456586e-09  2.52103166e-10  1.70000000e-07  3.88677583e-01  5.00000000e-01  0.00000000e+00 
 1.70000000e-07  8.40364677e-22 -3.99884822e-19  7.55709762e-16  1.46630192e-18  5.91095190e-09  1.28068476e-07  4.44265652e-09  1.70000000e-07  3.88677583e-01  5.00000000e-01  1.00000000e-01 
 1.70000000e-07  1.45187690e-20 -3.64085167e-19  7.28195955e-16  1.21466789e-17  1.11145711e-07  2.31888817e-06  8.00860435e-08  1.70000000e-07  3.88677583e-01  5.00000000e-01  2.00000000e-01 
 1.70000000e-07  2.48387500e-19 -6.71269764e-20  8.48057345e-16  1.84246873e-16  1.94250694e-06  3.79548408e-05  1.38669993e-06  1.70000000e-07  3.88677583e-01  5.00000000e-01  3.00000000e-01 
 1.70000000e-07  3.01109212e-18  3.34405716e-18  1.83765819e-15  1.32867348e-15  1.61600827e-05  2.67250498e-04  1.44271900e-05  1.70000000e-07  3.88677583e-01  5.00000000e-01  4.00000000e-01 
 1.70000000e-07  1.51669835e-17  1.82849625e-17  2.98687273e-15  2.62051256e-15  4.32957593e-05  7.49553155e-04  6.32002895e-05  1.70000000e-07  3.88677583e-01  5.00000000e-01  5.00000000e-01 
 1.70000000e-07  4.47449404e-17  5.43353427e-17  3.61844720e-15  3.29611795e-15  8.06711349e-05  1.41317839e-03  1.70515566e-04  1.70000000e-07  3.88677583e-01  5.00000000e-01  6.00000000e-01 
 1.70000000e-07  1.00322480e-16  1.22419866e-16  4.06538125e-15  3.72847285e-15  1.36856031e-04  2.09032202e-03  3.46240209e-04  1.70000000e-07  3.88677583e-01  5.00000000e-01  7.00000000e-01 
 1.70000000e-07  1.81858266e-16  2.23564011e-16  4.43505803e-15  4.03933549e-15  2.26444926e-04  2.64437701e-03  5.84388936e-04  1.70000000e-07  3.88677583e-01  5.00000000e-01  8.00000000e-01 
 1.70000000e-07  2.82247483e-16  3.49957217e-16  4.74031495e-15  4.25121144e-15  3.67340817e-04  3.01237241e-03  8.68832281e-04  1.70000000e-07  3.88677583e-01  5.00000000e-01  9.00000000e-01 
 1.70000000e-07  3.94067240e-16  4.92846456e-16  4.98848663e-15  4.38125714e-15  5.70370787e-04  3.19996362e-03  1.18081683e-03  1.70000000e-07  3.88677583e-01  5.00000000e-01  1.00000000e+00 
 1.70000000e-07  5.11537006e-16  6.45089940e-16  5.19071993e-15  4.44952610e-15  8.36074650e-04  3.24469931e-03  1.50406143e-03  1.70000000e-07  3.88677583e-01  5.00000000e-01  1.10000000e+00 
 1.70000000e-07  6.30315766e-16  8.01065103e-16  5.35750930e-15  4.47389849e-15  1.15775110e-03  3.18795935e-03  1.82638298e-03  1.70000000e-07  3.88677583e-01  5.00000000e-01  1.20000000e+00 
 1.70000000e-07  4.14474900e-23 -4.26900619e-19  7.98735910e-16  8.70404467e-19  3.10949099e-10  8.10717874e-09  2.83483297e-10  1.70000000e-07  3.88624161e-01  6.00000000e-01  0.00000000e+00 
 1.70000000e-07  6.96272498e-22 -4.02850783e-19  7.55685962e-16  1.43900822e-18  5.73879506e-09  1.45142169e-07  5.02523496e-09  1.70000000e-07  3.88624161e-01  6.00000000e-01  1.00000000e-01 
 1.70000000e-07  1.20263514e-20 -3.70035596e-19  7.28133558e-16  1.20755264e-17  1.08103327e-07  2.64045522e-06  9.10530380e-08  1.70000000e-07  3.88624161e-01  6.00000000e-01  2.00000000e-01 
 1.70000000e-07  2.05675711e-19 -1.26433427e-19  8.47294271e-16  1.83424364e-16  1.89013145e-06  4.31090055e-05  1.57841606e-06  1.70000000e-07  3.88624161e-01  6.00000000e-01  3.00000000e-01 
 1.70000000e-07  2.47629883e-18  2.65172729e-18  1.83074293e-15  1.32149574e-15  1.55752381e-05  2.89686671e-04  1.60141901e-05  1.70000000e-07  3.88624161e-01  6.00000000e-01  4.00000000e-01 
 1.70000000e-07  1.19441457e-17  1.42807170e-17  2.96660890e-15  2.60166561e-15  4.07655375e-05  7.79159802e-04  6.74002548e-05  1.70000000e-07  3.88624161e-01  6.00000000e-01  5.00000000e-01 
 1.70000000e-07  3.28045138e-17  3.96365489e-17  3.57687754e-15  3.26429745e-15  7.34956122e-05  1.45440919e-03  1.78204734e-04  1.70000000e-07  3.88624161e-01  6.00000000e-01  6.00000000e-01 
 1.70000000e-07  6.97200051e-17  8.44754678e-17  3.99636544e-15  3.68977697e-15  1.18488093e-04  2.15080973e-03  3.58931771e-04  1.70000000e-07  3.88624161e-01  6.00000000e-01  7.00000000e-01 
 1.70000000e-07  1.23689881e-16  1.50505921e-16  4.34127085e-15  4.00918237e-15  1.82525797e-04  2.73714183e-03  6.04617424e-04  1.70000000e-07  3.88624161e-01  6.00000000e-01  8.00000000e-01 
 1.70000000e-07  1.91924232e-16  2.34929454e-16  4.62765226e-15  4.24345519e-15  2.76190781e-04  3.15096859e-03  9.00537694e-04  1.70000000e-07  3.88624161e-01  6.00000000e-01  9.00000000e-01 
 1.70000000e-07  2.71238228e-16  3.34305876e-16  4.86231903e-15  4.40354224e-15  4.09191236e-04  3.39137362e-03  1.22899713e-03  1.70000000e-07  3.88624161e-01  6.00000000e-01  1.00000000e+00 
 1.70000000e-07  3.58918560e-16  4.45590760e-16  5.05560988e-15  4.50423412e-15  5.86443615e-04  3.48871694e-03  1.57403905e-03  1.70000000e-07  3.88624161e-01  6.00000000e-01  1.10000000e+00 
 1.70000000e-07  4.52469540e-16  5.65844349e-16  5.21749162e-15  4.55999532e-15  8.08007389e-04  3.47949762e-03  1.92319471e-03  1.70000000e-07  3.88624161e-01  6.00000000e-01  1.20000000e+00 
 1.70000000e-07  3.54918117e-23 -4.28696497e-19  7.98710273e-16  8.43099411e-19  3.01541862e-10  8.98990595e-09  3.13827181e-10  1.70000000e-07  3.88570488e-01  7.00000000e-01  0.00000000e+00 
 1.70000000e-07  5.96057402e-22 -4.04675040e-19  7.55662499e-16  1.41102893e-18  5.55272287e-09  1.61693988e-07  5.58966911e-09  1.70000000e-07  3.88570488e-01  7.00000000e-01  1.00000000e-01 
 1.70000000e-07  1.02931930e-20 -3.73949536e-19  7.28078950e-16  1.20113205e-17  1.04729837e-07  2.95266267e-06  1.01695810e-07  1.70000000e-07  3.88570488e-01  7.00000000e-01  2.00000000e-01 
 1.70000000e-07  1.76049587e-19 -1.67396292e-19  8.46661854e-16  1.82732251e-16  1.83161462e-06  4.81089541e-05  1.76452721e-06  1.70000000e-07  3.88570488e-01  7.00000000e-01  3.00000000e-01 
 1.70000000e-07  2.11505865e-18  2.18412156e-18  1.82500481e-15  1.31542387e-15  1.49834271e-05  3.11048186e-04  1.75420379e-05  1.70000000e-07  3.88570488e-01  7.00000000e-01  4.00000000e-01 
 1.70000000e-07  9.94035408e-18  1.17969731e-17  2.95087272e-15  2.58638459e-15  3.85531631e-05  8.06187062e-04  7.13638970e-05  1.70000000e-07  3.88570488e-01  7.00000000e-01  5.00000000e-01 
 1.70000000e-07  2.59734555e-17  3.12800632e-17  3.54744837e-15  3.23969330e-15  6.80152365e-05  1.49006528e-03  1.85270001e-04  1.70000000e-07  3.88570488e-01  7.00000000e-01  6.00000000e-01 
 1.70000000e-07  5.26945820e-17  6.35769580e-17  3.94960189e-15  3.65870710e-15  1.06389021e-04  2.19874259e-03  3.70141099e-04  1.70000000e-07  3.88570488e-01  7.00000000e-01  7.00000000e-01 
 1.70000000e-07  9.08460205e-17  1.09784543e-16  4.27796895e-15  3.98019619e-15  1.56713424e-04  2.80371398e-03  6.21481871e-04  1.70000000e-07  3.88570488e-01  7.00000000e-01  8.00000000e-01 
 1.70000000e-07  1.39043621e-16  1.68581462e-16  4.55020107e-15  4.22536879e-15  2.24750542e-04  3.24511757e-03  9.25365462e-04  1.70000000e-07  3.88570488e-01  7.00000000e-01  9.00000000e-01 
 1.70000000e-07  1.95910694e-16  2.38649091e-16  4.77266563e-15  4.40239315e-15  3.17469978e-04  3.52023656e-03  1.26493121e-03  1.70000000e-07  3.88570488e-01  7.00000000e-01  1.00000000e+00 
 1.70000000e-07  2.60506693e-16  3.19143005e-16  4.95550092e-15  4.52345814e-15  4.40159428e-04  3.65565845e-03  1.62475094e-03  1.70000000e-07  3.88570488e-01  7.00000000e-01  1.10000000e+00 
 1.70000000e-07  3.31892002e-16  4.09155447e-16  5.10889619e-15  4.60111337e-15  5.95425849e-04  3.68444555e-03  1.99251360e-03  1.70000000e-07  3.88570488e-01  7.00000000e-01  1.20000000e+00 
 1.70000000e-07  3.10172671e-23 -4.29867953e-19  7.98684571e-16  8.15149483e-19  2.92740356e-10  9.84199417e-09  3.43119124e-10  1.70000000e-07  3.88516657e-01  8.00000000e-01  0.00000000e+00 
 1.70000000e-07  5.20767397e-22 -4.05878120e-19  7.55639292e-16  1.38276537e-18  5.36703588e-09  1.77702663e-07  6.13534003e-09  1.70000000e-07  3.88516657e-01  8.00000000e-01  1.00000000e-01 
 1.70000000e-07  8.99125908e-21 -3.76734669e-19  7.28029997e-16  1.19525025e-17  1.01315234e-07  3.25497087e-06  1.11997495e-07  1.70000000e-07  3.88516657e-01  8.00000000e-01  2.00000000e-01 
 1.70000000e-07  1.53833482e-19 -1.98030090e-19  8.46123720e-16  1.82137146e-16  1.77213843e-06  5.29467664e-05  1.94470963e-06  1.70000000e-07  3.88516657e-01  8.00000000e-01  3.00000000e-01 
 1.70000000e-07  1.84915112e-18  1.83946297e-18  1.82007892e-15  1.31014721e-15  1.44113359e-05  3.31416765e-04  1.90115488e-05  1.70000000e-07  3.88516657e-01  8.00000000e-01  4.00000000e-01 
 1.70000000e-07  8.55353206e-18  1.00785459e-17  2.93791273e-15  2.57345671e-15  3.65898567e-05  8.31156830e-04  7.51191646e-05  1.70000000e-07  3.88516657e-01  8.00000000e-01  5.00000000e-01 
 1.70000000e-07  2.15792703e-17  2.59248408e-17  3.52490239e-15  3.21977485e-15  6.35305325e-05  1.52186303e-03  1.91840607e-04  1.70000000e-07  3.88516657e-01  8.00000000e-01  6.00000000e-01 
 1.70000000e-07  4.21814433e-17  5.07678441e-17  3.91546217e-15  3.63354730e-15  9.73992595e-05  2.23920232e-03  3.80311435e-04  1.70000000e-07  3.88516657e-01  8.00000000e-01  7.00000000e-01 
 1.70000000e-07  7.07464027e-17  8.51222427e-17  4.23272197e-15  3.95499803e-15  1.39391774e-04  2.85568730e-03  6.36237596e-04  1.70000000e-07  3.88516657e-01  8.00000000e-01  8.00000000e-01 
 1.70000000e-07  1.06350199e-16  1.28071669e-16  4.49507443e-15  4.20575762e-15  1.92432152e-04  3.31399496e-03  9.46113580e-04  1.70000000e-07  3.88516657e-01  8.00000000e-01  9.00000000e-01 
 1.70000000e-07  1.48274901e-16  1.78998609e-16  4.70819885e-15  4.39243876e-15  2.61131235e-04  3.61164722e-03  1.29365214e-03  1.70000000e-07  3.88516657e-01  8.00000000e-01  1.00000000e+00 
 1.70000000e-07  1.96346671e-16  2.37940280e-16  4.88191740e-15  4.52588741e-15  3.49913563e-04  3.77360264e-03  1.66391483e-03  1.70000000e-07  3.88516657e-01  8.00000000e-01  1.10000000e+00 
 1.70000000e-07  2.50497401e-16  3.05047505e-16  5.02665600e-15  4.61776574e-15  4.61927410e-04  3.83088906e-03  2.04488862e-03  1.70000000e-07  3.88516657e-01  8.00000000e-01  1.20000000e+00 
 1.70000000e-07  2.74890523e-23 -4.30671931e-19  7.98658827e-16  7.86821035e-19  2.84977098e-10  1.06641229e-08  3.71391024e-10  1.70000000e-07  3.88462718e-01  9.00000000e-01  0.00000000e+00 
 1.70000000e-07  4.61402036e-22 -4.06714114e-19  7.55616288e-16  1.35439936e-18  5.18842736e-09  1.93177065e-07  6.66262286e-09  1.70000000e-07  3.88462718e-01  9.00000000e-01  1.00000000e-01 
 1.70000000e-07  7.96478994e-21 -3.78827622e-19  7.27985417e-16  1.18980284e-17  9.79971272e-08  3.54745536e-06  1.21961689e-07  1.70000000e-07  3.88462718e-01  9.00000000e-01  2.00000000e-01 
 1.70000000e-07  1.36339702e-19 -2.22119293e-19  8.45658159e-16  1.81618117e-16  1.71418101e-06  5.76241135e-05  2.11900658e-06  1.70000000e-07  3.88462718e-01  9.00000000e-01  3.00000000e-01 
 1.70000000e-07  1.64252281e-18  1.57106560e-18  1.81575857e-15  1.30547880e-15  1.38702511e-05  3.50874593e-04  2.04253459e-05  1.70000000e-07  3.88462718e-01  9.00000000e-01  4.00000000e-01 
 1.70000000e-07  7.52408156e-18  8.80164461e-18  2.92683838e-15  2.56220518e-15  3.48346888e-05  8.54416149e-04  7.86887950e-05  1.70000000e-07  3.88462718e-01  9.00000000e-01  5.00000000e-01 
 1.70000000e-07  1.85087622e-17  2.21894584e-17  3.50667841e-15  3.20306278e-15  5.97294765e-05  1.55073225e-03  1.97998756e-04  1.70000000e-07  3.88462718e-01  9.00000000e-01  6.00000000e-01 
 1.70000000e-07  3.51385281e-17  4.22309441e-17  3.88906678e-15  3.61270433e-15  9.02436473e-05  2.27461773e-03  3.89681435e-04  1.70000000e-07  3.88462718e-01  9.00000000e-01  7.00000000e-01 
 1.70000000e-07  5.75384686e-17  6.90481938e-17  4.19865191e-15  3.93349944e-15  1.26627442e-04  2.89865936e-03  6.49510021e-04  1.70000000e-07  3.88462718e-01  9.00000000e-01  8.00000000e-01 
 1.70000000e-07  8.49616569e-17  1.01845373e-16  4.45419852e-15  4.18738098e-15  1.70175513e-04  3.36760289e-03  9.64182426e-04  1.70000000e-07  3.88462718e-01  9.00000000e-01  9.00000000e-01 
 1.70000000e-07  1.16908722e-16  1.40193324e-16  4.66061406e-15  4.37986203e-15  2.23820621e-04  3.67995103e-03  1.31778321e-03  1.70000000e-07  3.88462718e-01  9.00000000e-01  1.00000000e+00 
 1.70000000e-07  1.53456267e-16  1.84373739e-16  4.82723988e-15  4.52094203e-15  2.90958939e-04  3.86018302e-03  1.69576437e-03  1.70000000e-07  3.88462718e-01  9.00000000e-01  1.10000000e+00 
 1.70000000e-07  1.94906509e-16  2.34945245e-16  4.96455462e-15  4.62187475e-15  3.74505052e-04  3.93825326e-03  2.08641941e-03  1.70000000e-07  3.88462718e-01  9.00000000e-01  1.20000000e+00 
 1.70000000e-07  2.46146160e-23 -4.31245835e-19  7.98633057e-16  7.58256956e-19  2.78517032e-10  1.14575950e-08  3.98695350e-10  1.70000000e-07  3.88408704e-01  1.00000000e+00  0.00000000e+00 
 1.70000000e-07  4.13037979e-22 -4.07319009e-19  7.55593455e-16  1.32601823e-18  5.01988393e-09  2.08139891e-07  7.17234265e-09  1.70000000e-07  3.88408704e-01  1.00000000e+00  1.00000000e-01 
 1.70000000e-07  7.12859699e-21 -3.80463935e-19  7.27944357e-16  1.18471506e-17  9.48380880e-08  3.83048146e-06  1.31601545e-07  1.70000000e-07  3.88408704e-01  1.00000000e+00  2.00000000e-01 
 1.70000000e-07  1.22101858e-19 -2.41718414e-19  8.45250832e-16  1.81160896e-16  1.65888347e-06  6.21471642e-05  2.28763434e-06  1.70000000e-07  3.88408704e-01  1.00000000e+00  3.00000000e-01 
 1.70000000e-07  1.47598258e-18  1.35418313e-18  1.81191290e-15  1.30129549e-15  1.33639767e-05  3.69499268e-04  2.17867595e-05  1.70000000e-07  3.88408704e-01  1.00000000e+00  4.00000000e-01 
 1.70000000e-07  6.72244933e-18  7.80549607e-18  2.91713840e-15  2.55221645e-15  3.32570380e-05  8.76218793e-04  8.20920042e-05  1.70000000e-07  3.88408704e-01  1.00000000e+00  5.00000000e-01 
 1.70000000e-07  1.62320658e-17  1.94206871e-17  3.49138690e-15  3.18865830e-15  5.64403537e-05  1.57725659e-03  2.03803488e-04  1.70000000e-07  3.88408704e-01  1.00000000e+00  6.00000000e-01 
 1.70000000e-07  3.01161188e-17  3.61629787e-17  3.86775814e-15  3.59503407e-15  8.43109602e-05  2.30632146e-03  3.98400637e-04  1.70000000e-07  3.88408704e-01  1.00000000e+00  7.00000000e-01 
 1.70000000e-07  4.83302479e-17  5.79109068e-17  4.17186256e-15  3.91506883e-15  1.16615857e-04  2.93557074e-03  6.61653937e-04  1.70000000e-07  3.88408704e-01  1.00000000e+00  8.00000000e-01 
 1.70000000e-07  7.02224718e-17  8.39270152e-17  4.42267602e-15  4.17087947e-15  1.53712736e-04  3.41136780e-03  9.80339650e-04  1.70000000e-07  3.88408704e-01  1.00000000e+00  9.00000000e-01 
 1.70000000e-07  9.53658629e-17  1.13816536e-16  4.62438002e-15  4.36710191e-15  1.97413326e-04  3.73339551e-03  1.33877566e-03  1.70000000e-07  3.88408704e-01  1.00000000e+00  1.00000000e+00 
 1.70000000e-07  1.23873185e-16  1.47857060e-16  4.78576634e-15  4.51308483e-15  2.50241105e-04  3.92622101e-03  1.72270823e-03  1.70000000e-07  3.88408704e-01  1.00000000e+00  1.10000000e+00 
 1.70000000e-07  1.56145546e-16  1.86683050e-16  4.91720605e-15  4.61984938e-15  3.14657637e-04  4.01930271e-03  2.12070026e-03  1.70000000e-07  3.88408704e-01  1.00000000e+00  1.20000000e+00 
 1.70000000e-07  2.22169806e-23 -4.31668451e-19  7.98607269e-16  7.29539348e-19  2.73573576e-10  1.22239237e-08  4.25091953e-10  1.70000000e-07  3.88354635e-01  1.10000000e+00  0.00000000e+00 
 1.70000000e-07  3.72696954e-22 -4.07770964e-19  7.55570767e-16  1.29766504e-18  4.86258706e-09  2.22619624e-07  7.66550538e-09  1.70000000e-07  3.88354635e-01  1.10000000e+00  1.00000000e-01 
 1.70000000e-07  6.43115448e-21 -3.81782000e-19  7.27906214e-16  1.17993096e-17  9.18634647e-08  4.10454267e-06  1.40934318e-07  1.70000000e-07  3.88354635e-01  1.10000000e+00  2.00000000e-01 
 1.70000000e-07  1.10234881e-19 -2.58060570e-19  8.44891595e-16  1.80755166e-16  1.60671991e-06  6.65240541e-05  2.45088505e-06  1.70000000e-07  3.88354635e-01  1.10000000e+00  3.00000000e-01 
 1.70000000e-07  1.33819419e-18  1.17424528e-18  1.80845244e-15  1.29751070e-15  1.28928140e-05  3.87361868e-04  2.30992930e-05  1.70000000e-07  3.88354635e-01  1.10000000e+00  4.00000000e-01 
 1.70000000e-07  6.07650471e-18  7.00096431e-18  2.90849176e-15  2.54321900e-15  3.18324376e-05  8.96760583e-04  8.53452447e-05  1.70000000e-07  3.88354635e-01  1.10000000e+00  5.00000000e-01 
 1.70000000e-07  1.44688209e-17  1.72748840e-17  3.47820583e-15  3.17598693e-15  5.35546654e-05  1.60183974e-03  2.09300150e-04  1.70000000e-07  3.88354635e-01  1.10000000e+00  6.00000000e-01 
 1.70000000e-07  2.63583790e-17  3.16309824e-17  3.84998513e-15  3.57974900e-15  7.92636339e-05  2.33513237e-03  4.06572895e-04  1.70000000e-07  3.88354635e-01  1.10000000e+00  7.00000000e-01 
 1.70000000e-07  4.15949389e-17  4.98007469e-17  4.15005170e-15  3.89908466e-15  1.08431698e-04  2.96810452e-03  6.72893577e-04  1.70000000e-07  3.88354635e-01  1.10000000e+00  8.00000000e-01 
 1.70000000e-07  5.95964789e-17  7.10973803e-17  4.39751215e-15  4.15621029e-15  1.40873798e-04  3.44839202e-03  9.95044643e-04  1.70000000e-07  3.88354635e-01  1.10000000e+00  9.00000000e-01 
 1.70000000e-07  7.99681964e-17  9.51288624e-17  4.59591904e-15  4.35503296e-15  1.77668092e-04  3.77684971e-03  1.35748586e-03  1.70000000e-07  3.88354635e-01  1.10000000e+00  1.00000000e+00 
 1.70000000e-07  1.02788114e-16  1.22095757e-16  4.75352444e-15  4.50434746e-15  2.20672483e-04  3.97839286e-03  1.74618089e-03  1.70000000e-07  3.88354635e-01  1.10000000e+00  1.10000000e+00 
 1.70000000e-07  1.28435215e-16  1.52570013e-16  4.88050079e-15  4.61499280e-15  2.71892855e-04  4.08230847e-03  2.14991562e-03  1.70000000e-07  3.88354635e-01  1.10000000e+00  1.20000000e+00 
 1.70000000e-07  2.01809605e-23 -4.31987550e-19  7.98581469e-16  7.00718041e-19  2.70486105e-10  1.29645271e-08  4.50641611e-10  1.70000000e-07  3.88300525e-01  1.20000000e+00  0.00000000e+00 
 1.70000000e-07  3.38440610e-22 -4.08117527e-19  7.55548202e-16  1.26936084e-18  4.71693083e-09  2.36646644e-07  8.14316334e-09  1.70000000e-07  3.88300525e-01  1.20000000e+00  1.00000000e-01 
 1.70000000e-07  5.83893189e-21 -3.82868650e-19  7.27870535e-16  1.17540722e-17  8.90812079e-08  4.37018137e-06  1.49978602e-07  1.70000000e-07  3.88300525e-01  1.20000000e+00  2.00000000e-01 
 1.70000000e-07  1.00163827e-19 -2.71942530e-19  8.44572919e-16  1.80393153e-16  1.55784947e-06  7.07636470e-05  2.60907700e-06  1.70000000e-07  3.88300525e-01  1.20000000e+00  3.00000000e-01 
 1.70000000e-07  1.22192728e-18  1.02197966e-18  1.80531251e-15  1.29406059e-15  1.24556722e-05  4.04526798e-04  2.43663688e-05  1.70000000e-07  3.88300525e-01  1.20000000e+00  4.00000000e-01 
 1.70000000e-07  5.54259797e-18  6.33428445e-18  2.90068273e-15  2.53502431e-15  3.05415463e-05  9.16198202e-04  8.84626979e-05  1.70000000e-07  3.88300525e-01  1.20000000e+00  5.00000000e-01 
 1.70000000e-07  1.30576729e-17  1.55552453e-17  3.46661411e-15  3.16466353e-15  5.09987842e-05  1.62477977e-03  2.14524968e-04  1.70000000e-07  3.88300525e-01  1.20000000e+00  6.00000000e-01 
 1.70000000e-07  2.34399634e-17  2.81134824e-17  3.83478553e-15  3.56630327e-15  7.48956747e-05  2.36159962e-03  4.14275373e-04  1.70000000e-07  3.88300525e-01  1.20000000e+00  7.00000000e-01 
 1.70000000e-07  3.64740858e-17  4.36530402e-17  4.13179467e-15  3.88504518e-15  1.01553321e-04  2.99730274e-03  6.83382959e-04  1.70000000e-07  3.88300525e-01  1.20000000e+00  8.00000000e-01 
 1.70000000e-07  5.16379137e-17  6.15391569e-17  4.37682935e-15  4.14314603e-15  1.30471166e-04  3.48055028e-03  1.00859447e-03  1.70000000e-07  3.88300525e-01  1.20000000e+00  9.00000000e-01 
 1.70000000e-07  6.85617976e-17  8.13857962e-17  4.57291620e-15  4.34390024e-15  1.62249399e-04  3.81329173e-03  1.37445186e-03  1.70000000e-07  3.88300525e-01  1.20000000e+00  1.00000000e+00 
 1.70000000e-07  8.72764177e-17  1.03311421e-16  4.72781776e-15  4.49561701e-15  1.98259181e-04  4.02089660e-03  1.76707894e-03  1.70000000e-07  3.88300525e-01  1.20000000e+00  1.10000000e+00 
 1.70000000e-07  1.08096663e-16  1.27783828e-16  4.85147312e-15  4.60896389e-15  2.40117210e-04  4.13265477e-03  2.17544205e-03  1.70000000e-07  3.88300525e-01  1.20000000e+00  1.20000000e+00 
 5.00000000e-07  2.00856153e-18  3.89108718e-18  3.35322213e-15  3.89108731e-18  2.78475901e-08 -3.98716039e-14  0.00000000e+00  5.00000000e-07  2.71642597e-01  0.00000000e+00  0.00000000e+00 
 5.00000000e-07  4.29851501e-17  5.87621355e-17  3.28596153e-15  5.87621432e-17  5.95151630e-07 -1.12485211e-13  0.00000000e+00  5.00000000e-07  2.71642597e-01  0.00000000e+00  1.00000000e-01 
 5.00000000e-07  8.03750859e-16  1.08522097e-15  4.95015384e-15  1.08522093e-15  1.20258728e-05 -1.15399660e-12  0.00000000e+00  5.00000000e-07  2.71642597e-01  0.00000000e+00  2.00000000e-01 
 5.00000000e-07  4.58342435e-15  6.21249429e-15  1.39184461e-14  6.21249429e-15  1.21093613e-04 -9.00294514e-12  0.00000000e+00  5.00000000e-07  2.71642597e-01  0.00000000e+00  3.00000000e-01 
 5.00000000e-07  7.19693939e-15  9.78115217e-15  2.02558283e-14  9.78115217e-15  4.00224967e-04 -2.69130385e-11  0.00000000e+00  5.00000000e-07  2.71642597e-01  0.00000000e+00  4.00000000e-01 
 5.00000000e-07  8.25058312e-15  1.12320601e-14  2.28790266e-14  1.12320601e-14  7.70680845e-04 -6.06035085e-11  0.00000000e+00  5.00000000e-07  2.71642597e-01  0.00000000e+00  5.00000000e-01 
 5.00000000e-07  8.78210253e-15  1.19686598e-14  2.42364224e-14  1.19686598e-14  1.16937585e-03 -1.22743972e-10  0.00000000e+00  5.00000000e-07  2.71642597e-01  0.00000000e+00  6.00000000e-01 
 5.00000000e-07  9.10551649e-15  1.24179519e-14  2.50779888e-14  1.24179519e-14  1.56320966e-03 -2.33223375e-10  0.00000000e+00  5.00000000e-07  2.71642597e-01  0.00000000e+00  7.00000000e-01 
 5.00000000e-07  9.32588925e-15  1.27237000e-14  2.56579290e-14  1.27237000e-14  1.93523009e-03 -4.22206380e-10  0.00000000e+00  5.00000000e-07  2.71642597e-01  0.00000000e+00  8.00000000e-01 
 5.00000000e-07  9.48678605e-15  1.29459924e-14  2.60834805e-14  1.29459924e-14  2.27735445e-03 -7.33624837e-10  0.00000000e+00  5.00000000e-07  2.71642597e-01  0.00000000e+00  9.00000000e-01 
 5.00000000e-07  9.60953346e-15  1.31144991e-14  2.64081995e-14  1.31144991e-14  2.58648933e-03 -1.22863027e-09  0.00000000e+00  5.00000000e-07  2.71642597e-01  0.00000000e+00  1.00000000e+00 
 5.00000000e-07  9.70593671e-15  1.32457760e-14  2.66623378e-14  1.32457760e-14  2.86235661e-03 -1.98825114e-09  0.00000000e+00  5.00000000e-07  2.71642597e-01  0.00000000e+00  1.10000000e+00 
 5.00000000e-07  9.78315829e-15  1.33499333e-14  2.68645923e-14  1.33499333e-14  3.10623460e-03 -3.11413092e-09  0.00000000e+00  5.00000000e-07  2.71642597e-01  0.00000000e+00  1.20000000e+00 
 5.00000000e-07  4.75334329e-20  1.61886265e-19  3.35103624e-15  4.96510066e-18  1.74538604e-09  2.48064303e-08  8.11687332e-10  5.00000000e-07  2.71641017e-01  1.00000000e-01  0.00000000e+00 
 5.00000000e-07  1.02494670e-18  1.46648868e-18  3.23800872e-15  6.09472941e-17  3.89469249e-08  5.37298686e-07  1.74623682e-08  5.00000000e-07  2.71641017e-01  1.00000000e-01  1.00000000e-01 
 5.00000000e-07  2.22366082e-17  2.98843717e-17  4.06856979e-15  1.13712305e-15  8.32464104e-07  1.08276465e-05  3.66961552e-07  5.00000000e-07  2.71641017e-01  1.00000000e-01  2.00000000e-01 
 5.00000000e-07  3.92970820e-16  5.09904788e-16  9.89883285e-15  7.37482904e-15  1.13400666e-05  9.99863297e-05  4.82701318e-06  5.00000000e-07  2.71641017e-01  1.00000000e-01  3.00000000e-01 
 5.00000000e-07  2.72791129e-15  3.49770107e-15  1.67281162e-14  1.21169626e-14  9.44728845e-05  2.65429285e-04  2.31944559e-05  5.00000000e-07  2.71641017e-01  1.00000000e-01  4.00000000e-01 
 5.00000000e-07  5.54971180e-15  7.24252228e-15  2.10828378e-14  1.32366797e-14  3.45625871e-04  3.64445831e-04  5.54147225e-05  5.00000000e-07  2.71641017e-01  1.00000000e-01  5.00000000e-01 
 5.00000000e-07  7.09145105e-15  9.38338707e-15  2.32665952e-14  1.34972312e-14  7.05251177e-04  3.95908512e-04  9.38335645e-05  5.00000000e-07  2.71641017e-01  1.00000000e-01  6.00000000e-01 
 5.00000000e-07  7.92344154e-15  1.05739908e-14  2.44809655e-14  1.36201725e-14  1.09913942e-03  3.92350835e-04  1.33447584e-04  5.00000000e-07  2.71641017e-01  1.00000000e-01  7.00000000e-01 
 5.00000000e-07  8.42909505e-15  1.13098969e-14  2.52533827e-14  1.37078892e-14  1.49021688e-03  3.71305533e-04  1.71729433e-04  5.00000000e-07  2.71641017e-01  1.00000000e-01  8.00000000e-01 
 5.00000000e-07  8.76801189e-15  1.18072529e-14  2.57912550e-14  1.37776667e-14  1.86067573e-03  3.41961513e-04  2.07436438e-04  5.00000000e-07  2.71641017e-01  1.00000000e-01  9.00000000e-01 
 5.00000000e-07  9.01124364e-15  1.21652714e-14  2.61878318e-14  1.38343198e-14  2.20219694e-03  3.09388239e-04  2.40016563e-04  5.00000000e-07  2.71641017e-01  1.00000000e-01  1.00000000e+00 
 5.00000000e-07  9.19423548e-15  1.24345589e-14  2.64911526e-14  1.38802824e-14  2.51153631e-03  2.76432029e-04  2.69302865e-04  5.00000000e-07  2.71641017e-01  1.00000000e-01  1.10000000e+00 
 5.00000000e-07  9.33654716e-15  1.26435067e-14  2.67288038e-14  1.39172877e-14  2.78826884e-03  2.44669408e-04  2.95343862e-04  5.00000000e-07  2.71641017e-01  1.00000000e-01  1.20000000e+00 
 5.00000000e-07  3.77108083e-21  2.68626678e-20  3.35098089e-15  5.01989225e-18  1.39874799e-09  2.93124220e-08  9.56260176e-10  5.00000000e-07  2.71640637e-01  2.00000000e-01  0.00000000e+00 
 5.00000000e-07  8.12431927e-20  1.29228651e-19  3.23674367e-15  6.08186418e-17  3.21618132e-08  6.40139263e-07  2.07522630e-08  5.00000000e-07  2.71640637e-01  2.00000000e-01  1.00000000e-01 
 5.00000000e-07  1.73167248e-18  2.33115818e-18  4.04162632e-15  1.13399407e-15  6.84922749e-07  1.28502295e-05  4.37039355e-07  5.00000000e-07  2.71640637e-01  2.00000000e-01  2.00000000e-01 
 5.00000000e-07  2.71692289e-17  3.50086603e-17  9.49773976e-15  7.39615772e-15  6.58854706e-06  1.14257429e-04  5.58559015e-06  5.00000000e-07  2.71640637e-01  2.00000000e-01  3.00000000e-01 
 5.00000000e-07  2.67478882e-16  3.34250911e-16  1.44517943e-14  1.27228052e-14  2.35301840e-05  3.40607548e-04  2.76227203e-05  5.00000000e-07  2.71640637e-01  2.00000000e-01  4.00000000e-01 
 5.00000000e-07  1.51065883e-15  1.89345451e-15  1.78489782e-14  1.49789379e-14  8.57183869e-05  5.88490517e-04  7.44662959e-05  5.00000000e-07  2.71640637e-01  2.00000000e-01  5.00000000e-01 
 5.00000000e-07  3.73889895e-15  4.76855017e-15  2.09221307e-14  1.55194210e-14  2.81123634e-04  7.39252067e-04  1.41911221e-04  5.00000000e-07  2.71640637e-01  2.00000000e-01  6.00000000e-01 
 5.00000000e-07  5.59418303e-15  7.25326095e-15  2.30285656e-14  1.53497155e-14  6.06725664e-04  7.80717398e-04  2.18618170e-04  5.00000000e-07  2.71640637e-01  2.00000000e-01  7.00000000e-01 
 5.00000000e-07  6.79664212e-15  8.91790175e-15  2.43294529e-14  1.50971948e-14  9.88152659e-04  7.60652604e-04  2.96030549e-04  5.00000000e-07  2.71640637e-01  2.00000000e-01  8.00000000e-01 
 5.00000000e-07  7.56552309e-15  1.00094858e-14  2.51665266e-14  1.49035067e-14  1.37522572e-03  7.11792781e-04  3.69806597e-04  5.00000000e-07  2.71640637e-01  2.00000000e-01  9.00000000e-01 
 5.00000000e-07  8.08088130e-15  1.07544689e-14  2.57413873e-14  1.47688872e-14  1.74449484e-03  6.50715754e-04  4.37990329e-04  5.00000000e-07  2.71640637e-01  2.00000000e-01  1.00000000e+00 
 5.00000000e-07  8.44489151e-15  1.12872479e-14  2.61580242e-14  1.46748888e-14  2.08597848e-03  5.85903801e-04  4.99829548e-04  5.00000000e-07  2.71640637e-01  2.00000000e-01  1.10000000e+00 
 5.00000000e-07  8.71368663e-15  1.16839192e-14  2.64719963e-14  1.46068372e-14  2.39603234e-03  5.21853823e-04  5.55198955e-04  5.00000000e-07  2.71640637e-01  2.00000000e-01  1.20000000e+00 
 5.00000000e-07  1.89028389e-21  8.24828769e-21  3.35097128e-15  5.02166619e-18  1.40911703e-09  3.37246310e-08  1.09710202e-09  5.00000000e-07  2.71640358e-01  3.00000000e-01  0.00000000e+00 
 5.00000000e-07  4.06858462e-20  5.97672062e-20  3.23652046e-15  6.06267215e-17  3.26211251e-08  7.42186865e-07  2.40041144e-08  5.00000000e-07  2.71640358e-01  3.00000000e-01  1.00000000e-01 
 5.00000000e-07  8.50702971e-19  1.14031879e-18  4.03711339e-15  1.13004269e-15  6.95303255e-07  1.48305669e-05  5.06321449e-07  5.00000000e-07  2.71640358e-01  3.00000000e-01  2.00000000e-01 
 5.00000000e-07  1.07776622e-17  1.38497434e-17  9.45158979e-15  7.36513589e-15  6.39231607e-06  1.24286450e-04  6.23458941e-06  5.00000000e-07  2.71640358e-01  3.00000000e-01  3.00000000e-01 
 5.00000000e-07  6.30610202e-17  7.80987134e-17  1.41437533e-14  1.26327119e-14  1.91008885e-05  3.60248009e-04  2.96899387e-05  5.00000000e-07  2.71640358e-01  3.00000000e-01  4.00000000e-01 
 5.00000000e-07  3.03460158e-16  3.73953770e-16  1.65300053e-14  1.50245207e-14  4.11766291e-05  6.49677547e-04  8.00575255e-05  5.00000000e-07  2.71640358e-01  3.00000000e-01  5.00000000e-01 
 5.00000000e-07  1.11379511e-15  1.38461948e-15  1.85872852e-14  1.63111213e-14  9.83868238e-05  9.13990477e-04  1.58803185e-04  5.00000000e-07  2.71640358e-01  3.00000000e-01  6.00000000e-01 
 5.00000000e-07  2.60866533e-15  3.28830885e-15  2.07475740e-14  1.67998912e-14  2.49797536e-04  1.07722711e-03  2.59403740e-04  5.00000000e-07  2.71640358e-01  3.00000000e-01  7.00000000e-01 
 5.00000000e-07  4.23383169e-15  5.41438367e-15  2.25945902e-14  1.67018882e-14  5.18011321e-04  1.12286590e-03  3.70260939e-04  5.00000000e-07  2.71640358e-01  3.00000000e-01  8.00000000e-01 
 5.00000000e-07  5.55956830e-15  7.19690050e-15  2.39372780e-14  1.63803982e-14  8.60838754e-04  1.08951108e-03  4.81351581e-04  5.00000000e-07  2.71640358e-01  3.00000000e-01  9.00000000e-01 
 5.00000000e-07  6.53176808e-15  8.53611636e-15  2.48688834e-14  1.60457964e-14  1.22833138e-03  1.01622328e-03  5.86851531e-04  5.00000000e-07  2.71640358e-01  3.00000000e-01  1.00000000e+00 
 5.00000000e-07  7.23078262e-15  9.51860534e-15  2.55230517e-14  1.57628878e-14  1.58938216e-03  9.26422417e-04  6.84058072e-04  5.00000000e-07  2.71640358e-01  3.00000000e-01  1.10000000e+00 
 5.00000000e-07  7.74030183e-15  1.02465049e-14  2.59962308e-14  1.55373837e-14  1.92863343e-03  8.32367037e-04  7.72000727e-04  5.00000000e-07  2.71640358e-01  3.00000000e-01  1.20000000e+00 
 5.00000000e-07  1.47878491e-21  1.90159493e-21  3.35096469e-15  5.01746157e-18  1.37365189e-09  3.80965423e-08  1.23640976e-09  5.00000000e-07  2.71640105e-01  4.00000000e-01  0.00000000e+00 
 5.00000000e-07  3.18207454e-20  4.25061299e-20  3.23637403e-15  6.04732518e-17  3.19189231e-08  8.43791834e-07  2.72372513e-08  5.00000000e-07  2.71640105e-01  4.00000000e-01  1.00000000e-01 
 5.00000000e-07  6.61887052e-19  8.84985781e-19  4.03422844e-15  1.12701122e-15  6.80961241e-07  1.67963003e-05  5.75266592e-07  5.00000000e-07  2.71640105e-01  4.00000000e-01  2.00000000e-01 
 5.00000000e-07  7.84907941e-18  1.00978116e-17  9.42934247e-15  7.34373826e-15  6.13205291e-06  1.33627604e-04  6.86132266e-06  5.00000000e-07  2.71640105e-01  4.00000000e-01  3.00000000e-01 
 5.00000000e-07  3.48628127e-17  4.30568301e-17  1.40644697e-14  1.25786833e-14  1.74693307e-05  3.74777934e-04  3.15137244e-05  5.00000000e-07  2.71640105e-01  4.00000000e-01  4.00000000e-01 
 5.00000000e-07  1.14181667e-16  1.39400316e-16  1.62223299e-14  1.49152121e-14  3.36183919e-05  6.73884268e-04  8.37302091e-05  5.00000000e-07  2.71640105e-01  4.00000000e-01  5.00000000e-01 
 5.00000000e-07  3.57661940e-16  4.38537122e-16  1.76874047e-14  1.62570629e-14  6.00405753e-05  9.72075228e-04  1.66253349e-04  5.00000000e-07  2.71640105e-01  4.00000000e-01  6.00000000e-01 
 5.00000000e-07  9.56757610e-16  1.18412682e-15  1.91573200e-14  1.71473897e-14  1.16975631e-04  1.21735590e-03  2.76379474e-04  5.00000000e-07  2.71640105e-01  4.00000000e-01  7.00000000e-01 
 5.00000000e-07  1.98894575e-15  2.48929512e-15  2.07448841e-14  1.75966002e-14  2.42460465e-04  1.36537909e-03  4.06439289e-04  5.00000000e-07  2.71640105e-01  4.00000000e-01  8.00000000e-01 
 5.00000000e-07  3.25199298e-15  4.11853128e-15  2.22537500e-14  1.76224720e-14  4.59189642e-04  1.40593820e-03  5.45828039e-04  5.00000000e-07  2.71640105e-01  4.00000000e-01  9.00000000e-01 
 5.00000000e-07  4.46789383e-15  5.72147481e-15  2.35057975e-14  1.73827962e-14  7.50502608e-04  1.36492168e-03  6.84901352e-04  5.00000000e-07  2.71640105e-01  4.00000000e-01  1.00000000e+00 
 5.00000000e-07  5.49255620e-15  7.10110264e-15  2.44675295e-14  1.70428568e-14  1.08103577e-03  1.27653324e-03  8.17245241e-04  5.00000000e-07  2.71640105e-01  4.00000000e-01  1.10000000e+00 
 5.00000000e-07  6.30524677e-15  8.21643304e-15  2.51860536e-14  1.66991276e-14  1.42017736e-03  1.16628556e-03  9.39491266e-04  5.00000000e-07  2.71640105e-01  4.00000000e-01  1.20000000e+00 
 5.00000000e-07  1.26563362e-21 -1.09417226e-21  3.35095904e-15  5.01214920e-18  1.32050197e-09  4.23272851e-08  1.37107190e-09  5.00000000e-07  2.71639861e-01  5.00000000e-01  0.00000000e+00 
 5.00000000e-07  2.72318457e-20  3.38652092e-20  3.23625283e-15  6.03411557e-17  3.07552950e-08  9.42423087e-07  3.03728861e-08  5.00000000e-07  2.71639861e-01  5.00000000e-01  1.00000000e-01 
 5.00000000e-07  5.65505974e-19  7.55327998e-19  4.03185845e-15  1.12444121e-15  6.56704693e-07  1.87021029e-05  6.42193371e-07  5.00000000e-07  2.71639861e-01  5.00000000e-01  2.00000000e-01 
 5.00000000e-07  6.56764731e-18  8.46533664e-18  9.41256803e-15  7.32640943e-15  5.83969208e-06  1.42376947e-04  7.45997618e-06  5.00000000e-07  2.71639861e-01  5.00000000e-01  3.00000000e-01 
 5.00000000e-07  2.63331776e-17  3.25477896e-17  1.40230607e-14  1.25426961e-14  1.61850079e-05  3.87438284e-04  3.31945763e-05  5.00000000e-07  2.71639861e-01  5.00000000e-01  4.00000000e-01 
 5.00000000e-07  6.86003878e-17  8.34292701e-17  1.61124601e-14  1.48484572e-14  2.99240663e-05  6.91353734e-04  8.68945623e-05  5.00000000e-07  2.71639861e-01  5.00000000e-01  5.00000000e-01 
 5.00000000e-07  1.69149039e-16  2.05553212e-16  1.73848449e-14  1.61537557e-14  4.88136100e-05  1.00037476e-03  1.71618330e-04  5.00000000e-07  2.71639861e-01  5.00000000e-01  6.00000000e-01 
 5.00000000e-07  4.04548038e-16  4.94721063e-16  1.84811579e-14  1.70893595e-14  7.89494240e-05  1.27522231e-03  2.85823510e-04  5.00000000e-07  2.71639861e-01  5.00000000e-01  7.00000000e-01 
 5.00000000e-07  8.73452066e-16  1.07716135e-15  1.96225173e-14  1.77753339e-14  1.36163693e-04  1.48404282e-03  4.24453984e-04  5.00000000e-07  2.71639861e-01  5.00000000e-01  8.00000000e-01 
 5.00000000e-07  1.62387977e-15  2.02113502e-15  2.08407539e-14  1.81762975e-14  2.45237858e-04  1.60390020e-03  5.79642920e-04  5.00000000e-07  2.71639861e-01  5.00000000e-01  9.00000000e-01 
 5.00000000e-07  2.58497475e-15  3.24893307e-15  2.20508437e-14  1.82751160e-14  4.23452378e-04  1.63155443e-03  7.42135222e-04  5.00000000e-07  2.71639861e-01  5.00000000e-01  1.00000000e+00 
 5.00000000e-07  3.60980254e-15  4.58131861e-15  2.31445686e-14  1.81336821e-14  6.66416295e-04  1.58456096e-03  9.03456811e-04  5.00000000e-07  2.71639861e-01  5.00000000e-01  1.10000000e+00 
 5.00000000e-07  4.57273223e-15  5.85605801e-15  2.40626204e-14  1.78523228e-14  9.53317795e-04  1.48883946e-03  1.05742780e-03  5.00000000e-07  2.71639861e-01  5.00000000e-01  1.20000000e+00 
 5.00000000e-07  1.11705615e-21 -2.77226263e-21  3.35095400e-15  5.00679102e-18  1.26340165e-09  4.63836321e-08  1.50008771e-09  5.00000000e-07  2.71639623e-01  6.00000000e-01  0.00000000e+00 
 5.00000000e-07  2.40340744e-20  2.82317661e-20  3.23614700e-15  6.02242215e-17  2.94655700e-08  1.03720366e-06  3.33841187e-08  5.00000000e-07  2.71639623e-01  6.00000000e-01  1.00000000e-01 
 5.00000000e-07  4.98739804e-19  6.65852306e-19  4.02979554e-15  1.12218107e-15  6.29643091e-07  2.05325248e-05  7.06518188e-07  5.00000000e-07  2.71639623e-01  6.00000000e-01  2.00000000e-01 
 5.00000000e-07  5.74183239e-18  7.41480082e-18  9.39839953e-15  7.31144474e-15  5.55153593e-06  1.50589957e-04  8.02942538e-06  5.00000000e-07  2.71639623e-01  6.00000000e-01  3.00000000e-01 
 5.00000000e-07  2.20767285e-17  2.73340084e-17  1.39933317e-14  1.25145381e-14  1.50907075e-05  3.98807799e-04  3.47569962e-05  5.00000000e-07  2.71639623e-01  6.00000000e-01  4.00000000e-01 
 5.00000000e-07  5.14237494e-17  6.25167695e-17  1.60539069e-14  1.48040085e-14  2.72490848e-05  7.05993522e-04  8.97476010e-05  5.00000000e-07  2.71639623e-01  6.00000000e-01  5.00000000e-01 
 5.00000000e-07  1.07072464e-16  1.29525485e-16  1.72529991e-14  1.60833070e-14  4.27959497e-05  1.02042170e-03  1.76177126e-04  5.00000000e-07  2.71639623e-01  6.00000000e-01  6.00000000e-01 
 5.00000000e-07  2.20294073e-16  2.67165444e-16  1.81962705e-14  1.70019911e-14  6.40746624e-05  1.30689854e-03  2.92887623e-04  5.00000000e-07  2.71639623e-01  6.00000000e-01  7.00000000e-01 
 5.00000000e-07  4.39055002e-16  5.35678758e-16  1.90902521e-14  1.77316385e-14  9.70850854e-05  1.54174802e-03  4.35829119e-04  5.00000000e-07  2.71639623e-01  6.00000000e-01  8.00000000e-01 
 5.00000000e-07  8.17189820e-16  1.00418882e-15  2.00117743e-14  1.82870160e-14  1.53996790e-04  1.70811864e-03  5.98947358e-04  5.00000000e-07  2.71639623e-01  6.00000000e-01  9.00000000e-01 
 5.00000000e-07  1.38674193e-15  1.71726078e-15  2.09754555e-14  1.86377597e-14  2.51316988e-04  1.79628888e-03  7.74833403e-04  5.00000000e-07  2.71639623e-01  6.00000000e-01  1.00000000e+00 
 5.00000000e-07  2.12647525e-15  2.65509693e-15  2.19488956e-14  1.87670582e-14  4.01423745e-04  1.80750906e-03  9.55626631e-04  5.00000000e-07  2.71639623e-01  6.00000000e-01  1.10000000e+00 
 5.00000000e-07  2.96440749e-15  3.73298964e-15  2.28756726e-14  1.86984122e-14  6.04766254e-04  1.75439178e-03  1.13418390e-03  5.00000000e-07  2.71639623e-01  6.00000000e-01  1.20000000e+00 
 5.00000000e-07  1.00243704e-21 -3.81971859e-21  3.35094942e-15  5.00166655e-18  1.20779724e-09  5.02609142e-08  1.62334517e-09  5.00000000e-07  2.71639387e-01  7.00000000e-01  0.00000000e+00 
 5.00000000e-07  2.15674904e-20  2.41168328e-20  3.23605253e-15  6.01191011e-17  2.81845777e-08  1.12796047e-06  3.62660746e-08  5.00000000e-07  2.71639387e-01  7.00000000e-01  1.00000000e-01 
 5.00000000e-07  4.47371900e-19  5.97140642e-19  4.02795727e-15  1.12015616e-15  6.02659147e-07  2.22848858e-05  7.68126138e-07  5.00000000e-07  2.71639387e-01  7.00000000e-01  2.00000000e-01 
 5.00000000e-07  5.12640381e-18  6.63147229e-18  9.38594560e-15  7.29815100e-15  5.28087804e-06  1.58323477e-04  8.57087615e-06  5.00000000e-07  2.71639387e-01  7.00000000e-01  3.00000000e-01 
 5.00000000e-07  1.93112207e-17  2.39540995e-17  1.39690858e-14  1.24907048e-14  1.41437083e-05  4.09167124e-04  3.62176150e-05  5.00000000e-07  2.71639387e-01  7.00000000e-01  4.00000000e-01 
 5.00000000e-07  4.25290205e-17  5.17577836e-17  1.60141734e-14  1.47704369e-14  2.51088183e-05  7.18817529e-04  9.23619577e-05  5.00000000e-07  2.71639387e-01  7.00000000e-01  5.00000000e-01 
 5.00000000e-07  8.00107371e-17  9.66542151e-17  1.71792848e-14  1.60343381e-14  3.85670923e-05  1.03671899e-03  1.80235231e-04  5.00000000e-07  2.71639387e-01  7.00000000e-01  6.00000000e-01 
 5.00000000e-07  1.46093228e-16  1.76329161e-16  1.80538516e-14  1.69354569e-14  5.56263584e-05  1.32916176e-03  2.98842250e-04  5.00000000e-07  2.71639387e-01  7.00000000e-01  7.00000000e-01 
 5.00000000e-07  2.63520495e-16  3.19047671e-16  1.88305906e-14  1.76628068e-14  7.88841235e-05  1.57588381e-03  4.44534450e-04  5.00000000e-07  2.71639387e-01  7.00000000e-01  8.00000000e-01 
 5.00000000e-07  4.61695204e-16  5.61834739e-16  1.95816297e-14  1.82590256e-14  1.13831526e-04  1.76502027e-03  6.12094364e-04  5.00000000e-07  2.71639387e-01  7.00000000e-01  9.00000000e-01 
 5.00000000e-07  7.72659487e-16  9.45871924e-16  2.03395823e-14  1.87176010e-14  1.69699557e-04  1.88972896e-03  7.95386264e-04  5.00000000e-07  2.71639387e-01  7.00000000e-01  1.00000000e+00 
 5.00000000e-07  1.21966299e-15  1.50287481e-15  2.11175604e-14  1.90198648e-14  2.57795624e-04  1.94765126e-03  9.87807396e-04  5.00000000e-07  2.71639387e-01  7.00000000e-01  1.10000000e+00 
 5.00000000e-07  1.80066758e-15  2.23461731e-15  2.19079500e-14  1.91549507e-14  3.86972572e-04  1.94220970e-03  1.18279738e-03  5.00000000e-07  2.71639387e-01  7.00000000e-01  1.20000000e+00 
 5.00000000e-07  9.09919264e-22 -4.52457814e-21  3.35094522e-15  4.99684093e-18  1.15580680e-09  5.39656131e-08  1.74107589e-09  5.00000000e-07  2.71639153e-01  8.00000000e-01  0.00000000e+00 
 5.00000000e-07  1.95766550e-20  2.09251532e-20  3.23596705e-15  6.00235684e-17  2.69653140e-08  1.21480350e-06  3.90226667e-08  5.00000000e-07  2.71639153e-01  8.00000000e-01  1.00000000e-01 
 5.00000000e-07  4.05965556e-19  5.41792414e-19  4.02629610e-15  1.11831967e-15  5.76900781e-07  2.39616153e-05  8.27091321e-07  5.00000000e-07  2.71639153e-01  8.00000000e-01  2.00000000e-01 
 5.00000000e-07  4.63809915e-18  6.00920240e-18  9.37477809e-15  7.28615028e-15  5.03143463e-06  1.65630127e-04  9.08631169e-06  5.00000000e-07  2.71639153e-01  8.00000000e-01  3.00000000e-01 
 5.00000000e-07  1.72686099e-17  2.14580736e-17  1.39481739e-14  1.24697311e-14  1.33167505e-05  4.18700754e-04  3.75897326e-05  5.00000000e-07  2.71639153e-01  8.00000000e-01  4.00000000e-01 
 5.00000000e-07  3.68838459e-17  4.49549734e-17  1.59833962e-14  1.47429131e-14  2.33287021e-05  7.30297315e-04  9.47812933e-05  5.00000000e-07  2.71639153e-01  8.00000000e-01  5.00000000e-01 
 5.00000000e-07  6.53706387e-17  7.89901574e-17  1.71301220e-14  1.59974541e-14  3.52795725e-05  1.05070194e-03  1.83921475e-04  5.00000000e-07  2.71639153e-01  8.00000000e-01  6.00000000e-01 
 5.00000000e-07  1.09936548e-16  1.32415927e-16  1.79695720e-14  1.68862999e-14  4.97588265e-05  1.34683260e-03  3.04096683e-04  5.00000000e-07  2.71639153e-01  8.00000000e-01  7.00000000e-01 
 5.00000000e-07  1.82264841e-16  2.19618612e-16  1.86873360e-14  1.76048077e-14  6.80471258e-05  1.59992367e-03  4.51842939e-04  5.00000000e-07  2.71639153e-01  8.00000000e-01  8.00000000e-01 
 5.00000000e-07  2.97623715e-16  3.59600586e-16  1.93495570e-14  1.82075290e-14  9.28123470e-05  1.80067136e-03  6.22330856e-04  5.00000000e-07  2.71639153e-01  8.00000000e-01  9.00000000e-01 
 5.00000000e-07  4.74647666e-16  5.75849172e-16  1.99855557e-14  1.87025621e-14  1.28820487e-04  1.94518301e-03  8.10099779e-04  5.00000000e-07  2.71639153e-01  8.00000000e-01  1.00000000e+00 
 5.00000000e-07  7.34348928e-16  8.95333588e-16  2.06149426e-14  1.90834790e-14  1.83064295e-04  2.03245669e-03  1.00945723e-03  5.00000000e-07  2.71639153e-01  8.00000000e-01  1.10000000e+00 
 5.00000000e-07  1.09464104e-15  1.34210610e-15  2.12519132e-14  1.93408924e-14  2.63532903e-04  2.06376444e-03  1.21472248e-03  5.00000000e-07  2.71639153e-01  8.00000000e-01  1.20000000e+00 
 5.00000000e-07  8.33239332e-22 -5.02587196e-21  3.35094133e-15  4.99231289e-18  1.10818237e-09  5.75082576e-08  1.85363360e-09  5.00000000e-07  2.71638921e-01  9.00000000e-01  0.00000000e+00 
 5.00000000e-07  1.79266907e-20  1.83554246e-20  3.23588895e-15  5.99360053e-17  2.58263279e-08  1.29795160e-06  4.16611348e-08  5.00000000e-07  2.71638921e-01  9.00000000e-01  1.00000000e-01 
 5.00000000e-07  3.71675270e-19  4.95958702e-19  4.02477981e-15  1.11663869e-15  5.52779844e-07  2.55670795e-05  8.83560731e-07  5.00000000e-07  2.71638921e-01  9.00000000e-01  2.00000000e-01 
 5.00000000e-07  4.23734327e-18  5.49779829e-18  9.36463577e-15  7.27519747e-15  4.80318036e-06  1.72556251e-04  9.57787035e-06  5.00000000e-07  2.71638921e-01  9.00000000e-01  3.00000000e-01 
 5.00000000e-07  1.56576099e-17  1.94879472e-17  1.39296106e-14  1.24508680e-14  1.25888521e-05  4.27542755e-04  3.88842619e-05  5.00000000e-07  2.71638921e-01  9.00000000e-01  4.00000000e-01 
 5.00000000e-07  3.28352884e-17  4.00838488e-17  1.59577747e-14  1.47192137e-14  2.18150408e-05  7.40718346e-04  9.70365452e-05  5.00000000e-07  2.71638921e-01  9.00000000e-01  5.00000000e-01 
 5.00000000e-07  5.61216148e-17  6.78824826e-17  1.70933105e-14  1.59677382e-14  3.25998543e-05  1.06303933e-03  1.87311252e-04  5.00000000e-07  2.71638921e-01  9.00000000e-01  6.00000000e-01 
 5.00000000e-07  8.93661631e-17  1.07598033e-16  1.79127561e-14  1.68484163e-14  4.52761136e-05  1.36170589e-03  3.08839540e-04  5.00000000e-07  2.71638921e-01  9.00000000e-01  7.00000000e-01 
 5.00000000e-07  1.39059240e-16  1.67152985e-16  1.85979505e-14  1.75591006e-14  6.05270556e-05  1.61869379e-03  4.58252098e-04  5.00000000e-07  2.71638921e-01  9.00000000e-01  8.00000000e-01 
 5.00000000e-07  2.13594715e-16  2.56881754e-16  1.92118723e-14  1.81597740e-14  7.97691389e-05  1.82600176e-03  6.30915907e-04  5.00000000e-07  2.71638921e-01  9.00000000e-01  9.00000000e-01 
 5.00000000e-07  3.23142076e-16  3.89446273e-16  1.97801769e-14  1.86656273e-14  1.05563048e-04  1.98152969e-03  8.21723527e-04  5.00000000e-07  2.71638921e-01  9.00000000e-01  1.00000000e+00 
 5.00000000e-07  4.80324538e-16  5.80746081e-16  2.03192049e-14  1.90780248e-14  1.41919714e-04  2.08601499e-03  1.02551936e-03  5.00000000e-07  2.71638921e-01  9.00000000e-01  1.10000000e+00 
 5.00000000e-07  7.00155895e-16  8.49997249e-16  2.08448564e-14  1.93945085e-14  1.94182032e-04  2.14137069e-03  1.23728813e-03  5.00000000e-07  2.71638921e-01  9.00000000e-01  1.20000000e+00 
 5.00000000e-07  7.68501761e-22 -5.39782402e-21  3.35093771e-15  4.98806061e-18  1.06510980e-09  6.09004327e-08  1.96140142e-09  5.00000000e-07  2.71638689e-01  1.00000000e+00  0.00000000e+00 
 5.00000000e-07  1.65337344e-20  1.62320397e-20  3.23581704e-15  5.98551806e-17  2.47712796e-08  1.37765757e-06  4.41897117e-08  5.00000000e-07  2.71638689e-01  1.00000000e+00  1.00000000e-01 
 5.00000000e-07  3.42741228e-19  4.57272630e-19  4.02338474e-15  1.11508865e-15  5.30386800e-07  2.71062221e-05  9.37704212e-07  5.00000000e-07  2.71638689e-01  1.00000000e+00  2.00000000e-01 
 5.00000000e-07  3.90114434e-18  5.06818192e-18  9.35533827e-15  7.26511774e-15  4.59470395e-06  1.79141912e-04  1.00476059e-05  5.00000000e-07  2.71638689e-01  1.00000000e+00  3.00000000e-01 
 5.00000000e-07  1.43382305e-17  1.78726272e-17  1.39128447e-14  1.24336675e-14  1.19434138e-05  4.35795303e-04  4.01102454e-05  5.00000000e-07  2.71638689e-01  1.00000000e+00  4.00000000e-01 
 5.00000000e-07  2.97118076e-17  3.63266857e-17  1.59355478e-14  1.46981887e-14  2.05078531e-05  7.50275529e-04  9.91511621e-05  5.00000000e-07  2.71638689e-01  1.00000000e+00  5.00000000e-01 
 5.00000000e-07  4.96195699e-17  6.00951720e-17  1.70636258e-14  1.59426175e-14  3.03534171e-05  1.07411911e-03  1.90455818e-04  5.00000000e-07  2.71638689e-01  1.00000000e+00  6.00000000e-01 
 5.00000000e-07  7.61844334e-17  9.17740853e-17  1.78706576e-14  1.68178078e-14  4.16722817e-05  1.37464384e-03  3.13180964e-04  5.00000000e-07  2.71638689e-01  1.00000000e+00  7.00000000e-01 
 5.00000000e-07  1.13238291e-16  1.36001344e-16  1.85363105e-14  1.75225958e-14  5.48402189e-05  1.63423294e-03  4.64008679e-04  5.00000000e-07  2.71638689e-01  1.00000000e+00  8.00000000e-01 
 5.00000000e-07  1.65721375e-16  1.98794547e-16  1.91219831e-14  1.81196777e-14  7.06591971e-05  1.84560377e-03  6.38413523e-04  5.00000000e-07  2.71638689e-01  1.00000000e+00  9.00000000e-01 
 5.00000000e-07  2.39415815e-16  2.87268368e-16  1.96514469e-14  1.86278794e-14  9.05937892e-05  2.00768439e-03  8.31483258e-04  5.00000000e-07  2.71638689e-01  1.00000000e+00  1.00000000e+00 
 5.00000000e-07  3.41383972e-16  4.10209382e-16  2.01380506e-14  1.90525727e-14  1.16988450e-04  2.12242932e-03  1.03837164e-03  5.00000000e-07  2.71638689e-01  1.00000000e+00  1.10000000e+00 
 5.00000000e-07  4.80834454e-16  5.79194199e-16  2.05945565e-14  1.93956979e-14  1.53172953e-04  2.19279221e-03  1.25448982e-03  5.00000000e-07  2.71638689e-01  1.00000000e+00  1.20000000e+00 
 5.00000000e-07  7.13062074e-22 -5.68319744e-21  3.35093432e-15  4.98405735e-18  1.02657786e-09  6.41535005e-08  2.06475282e-09  5.00000000e-07  2.71638457e-01  1.10000000e+00  0.00000000e+00 
 5.00000000e-07  1.53408642e-20  1.44430359e-20  3.23575040e-15  5.97801310e-17  2.37975752e-08  1.45417579e-06  4.66166077e-08  5.00000000e-07  2.71638457e-01  1.10000000e+00  1.00000000e-01 
 5.00000000e-07  3.17972727e-19  4.24139377e-19  4.02209281e-15  1.11365053e-15  5.09674914e-07  2.85839775e-05  9.89692453e-07  5.00000000e-07  2.71638457e-01  1.10000000e+00  2.00000000e-01 
 5.00000000e-07  3.61452615e-18  4.70143349e-18  9.34675225e-15  7.25577931e-15  4.40419902e-06  1.85421595e-04  1.04974033e-05  5.00000000e-07  2.71638457e-01  1.10000000e+00  3.00000000e-01 
 5.00000000e-07  1.32310140e-17  1.65153746e-17  1.38975235e-14  1.24178304e-14  1.13672931e-05  4.43538647e-04  4.12752374e-05  5.00000000e-07  2.71638457e-01  1.10000000e+00  4.00000000e-01 
 5.00000000e-07  2.71901691e-17  3.32920681e-17  1.59157716e-14  1.46791753e-14  1.93654494e-05  7.59110960e-04  1.01143578e-04  5.00000000e-07  2.71638457e-01  1.10000000e+00  5.00000000e-01 
 5.00000000e-07  4.47061422e-17  5.42182249e-17  1.70385165e-14  1.59206658e-14  2.84336633e-05  1.08419533e-03  1.93392772e-04  5.00000000e-07  2.71638457e-01  1.10000000e+00  6.00000000e-01 
 5.00000000e-07  6.69522430e-17  8.07292250e-17  1.78373014e-14  1.67920800e-14  3.86820580e-05  1.38613937e-03  3.17194330e-04  5.00000000e-07  2.71638457e-01  1.10000000e+00  7.00000000e-01 
 5.00000000e-07  9.62948922e-17  1.15664720e-16  1.84904143e-14  1.74925869e-14  5.03138955e-05  1.64756685e-03  4.69258505e-04  5.00000000e-07  2.71638457e-01  1.10000000e+00  8.00000000e-01 
 5.00000000e-07  1.35814279e-16  1.62737565e-16  1.90583967e-14  1.80863244e-14  6.37996196e-05  1.86162867e-03  6.45121896e-04  5.00000000e-07  2.71638457e-01  1.10000000e+00  9.00000000e-01 
 5.00000000e-07  1.89010982e-16  2.26202451e-16  1.95641925e-14  1.85941566e-14  8.00233193e-05  2.02786840e-03  8.39986820e-04  5.00000000e-07  2.71638457e-01  1.10000000e+00  1.00000000e+00 
 5.00000000e-07  2.59936967e-16  3.11038626e-16  2.00195694e-14  1.90236208e-14  1.00417024e-04  2.14901266e-03  1.04919142e-03  5.00000000e-07  2.71638457e-01  1.10000000e+00  1.10000000e+00 
 5.00000000e-07  3.53826913e-16  4.23747158e-16  2.04346376e-14  1.93789393e-14  1.27067224e-04  2.22883685e-03  1.26841230e-03  5.00000000e-07  2.71638457e-01  1.10000000e+00  1.20000000e+00 
 5.00000000e-07  6.65029142e-22 -5.90814845e-21  3.35093113e-15  4.98027700e-18  9.92670826e-10  6.72780026e-08  2.16403608e-09  5.00000000e-07  2.71638227e-01  1.20000000e+00  0.00000000e+00 
 5.00000000e-07  1.43073780e-20  1.29125212e-20  3.23568831e-15  5.97100870e-17  2.29005287e-08  1.52774903e-06  4.89495823e-08  5.00000000e-07  2.71638227e-01  1.20000000e+00  1.00000000e-01 
 5.00000000e-07  2.96520003e-19  3.95423966e-19  4.02088980e-15  1.11230925e-15  4.90549102e-07  3.00050378e-05  1.03968754e-06  5.00000000e-07  2.71638227e-01  1.20000000e+00  2.00000000e-01 
 5.00000000e-07  3.36704855e-18  4.38436513e-18  9.33877506e-15  7.24707932e-15  4.22991843e-06  1.91425105e-04  1.09289582e-05  5.00000000e-07  2.71638227e-01  1.20000000e+00  3.00000000e-01 
 5.00000000e-07  1.22855339e-17  1.53549313e-17  1.38834004e-14  1.24031412e-14  1.08502313e-05  4.50837327e-04  4.23856015e-05  5.00000000e-07  2.71638227e-01  1.20000000e+00  4.00000000e-01 
 5.00000000e-07  2.50925553e-17  3.07656829e-17  1.58978794e-14  1.46617551e-14  1.83577906e-05  7.67332724e-04  1.03028641e-04  5.00000000e-07  2.71638227e-01  1.20000000e+00  5.00000000e-01 
 5.00000000e-07  4.08061299e-17  4.95551612e-17  1.70165955e-14  1.59010382e-14  2.67698492e-05  1.09344694e-03  1.96150967e-04  5.00000000e-07  2.71638227e-01  1.20000000e+00  6.00000000e-01 
 5.00000000e-07  6.00494875e-17  7.24884283e-17  1.78095911e-14  1.67697839e-14  3.61467264e-05  1.39650717e-03  3.20932407e-04  5.00000000e-07  2.71638227e-01  1.20000000e+00  7.00000000e-01 
 5.00000000e-07  8.43318558e-17  1.01359873e-16  1.84542081e-14  1.74671973e-14  4.65892463e-05  1.65928572e-03  4.74097982e-04  5.00000000e-07  2.71638227e-01  1.20000000e+00  8.00000000e-01 
 5.00000000e-07  1.15662348e-16  1.38566651e-16  1.90104652e-14  1.80582061e-14  5.83756914e-05  1.87521568e-03  6.51220898e-04  5.00000000e-07  2.71638227e-01  1.20000000e+00  9.00000000e-01 
 5.00000000e-07  1.56288074e-16  1.86806672e-16  1.95009524e-14  1.85648950e-14  7.20608522e-05  2.04423391e-03  8.47573958e-04  5.00000000e-07  2.71638227e-01  1.20000000e+00  1.00000000e+00 
 5.00000000e-07  2.08668435e-16  2.49060956e-16  1.99367498e-14  1.89960932e-14  8.85588934e-05  2.16956174e-03  1.05861029e-03  5.00000000e-07  2.71638227e-01  1.20000000e+00  1.10000000e+00 
 5.00000000e-07  2.75800777e-16  3.29005463e-16  2.03264645e-14  1.93572561e-14  1.09217481e-04  2.25554266e-03  1.28017504e-03  5.00000000e-07  2.71638227e-01  1.20000000e+00  1.20000000e+00 
 1.00000000e-06  1.09899075e-17  1.72505806e-17  7.15787956e-15  1.72505815e-17  3.72687949e-08 -4.51560858e-14  0.00000000e+00  1.00000000e-06  2.37408353e-01  0.00000000e+00  0.00000000e+00 
 1.00000000e-06  2.46130234e-16  3.33059345e-16  7.36958202e-15  3.33059395e-16  8.38984703e-07 -2.39508245e-13  0.00000000e+00  1.00000000e-06  2.37408353e-01  0.00000000e+00  1.00000000e-01 
 1.00000000e-06  3.84895328e-15  5.20377927e-15  1.56619316e-14  5.20377908e-15  1.57975259e-05 -3.48732416e-12  0.00000000e+00  1.00000000e-06  2.37408353e-01  0.00000000e+00  2.00000000e-01 
 1.00000000e-06  1.25638397e-14  1.70489619e-14  3.65032987e-14  1.70489619e-14  1.06472020e-04 -1.93165984e-11  0.00000000e+00  1.00000000e-06  2.37408353e-01  0.00000000e+00  3.00000000e-01 
 1.00000000e-06  1.66653757e-14  2.26668712e-14  4.65409794e-14  2.26668712e-14  2.74610386e-04 -5.26845665e-11  0.00000000e+00  1.00000000e-06  2.37408353e-01  0.00000000e+00  4.00000000e-01 
 1.00000000e-06  1.84110624e-14  2.50780920e-14  5.09329049e-14  2.50780920e-14  4.74598657e-04 -1.17139836e-10  0.00000000e+00  1.00000000e-06  2.37408353e-01  0.00000000e+00  5.00000000e-01 
 1.00000000e-06  1.93575159e-14  2.63922778e-14  5.33716042e-14  2.63922778e-14  6.81274541e-04 -2.36486195e-10  0.00000000e+00  1.00000000e-06  2.37408353e-01  0.00000000e+00  6.00000000e-01 
 1.00000000e-06  1.99598153e-14  2.72295377e-14  5.49489644e-14  2.72295377e-14  8.82025275e-04 -4.48130797e-10  0.00000000e+00  1.00000000e-06  2.37408353e-01  0.00000000e+00  7.00000000e-01 
 1.00000000e-06  2.03815103e-14  2.78143084e-14  5.60632244e-14  2.78143084e-14  1.07042265e-03 -8.08522184e-10  0.00000000e+00  1.00000000e-06  2.37408353e-01  0.00000000e+00  8.00000000e-01 
 1.00000000e-06  2.06946251e-14  2.82462801e-14  5.68931079e-14  2.82462801e-14  1.24337953e-03 -1.39912726e-09  0.00000000e+00  1.00000000e-06  2.37408353e-01  0.00000000e+00  9.00000000e-01 
 1.00000000e-06  2.09360631e-14  2.85769831e-14  5.75321170e-14  2.85769831e-14  1.39972020e-03 -2.33209192e-09  0.00000000e+00  1.00000000e-06  2.37408353e-01  0.00000000e+00  1.00000000e+00 
 1.00000000e-06  2.11269703e-14  2.88361756e-14  5.80349242e-14  2.88361756e-14  1.53938948e-03 -3.75410530e-09  0.00000000e+00  1.00000000e-06  2.37408353e-01  0.00000000e+00  1.10000000e+00 
 1.00000000e-06  2.12805206e-14  2.90425083e-14  5.84362026e-14  2.90425083e-14  1.66298576e-03 -5.84639050e-09  0.00000000e+00  1.00000000e-06  2.37408353e-01  0.00000000e+00  1.20000000e+00 
 1.00000000e-06  2.27834139e-19  5.19640945e-19  7.14566608e-15  1.96275488e-17  1.94019902e-09  3.31541784e-08  1.06459933e-09  1.00000000e-06  2.37406880e-01  1.00000000e-01  0.00000000e+00 
 1.00000000e-06  5.21234525e-18  7.19901096e-18  7.09177915e-15  3.40980539e-16  4.55774457e-08  7.54675752e-07  2.41782613e-08  1.00000000e-06  2.37406880e-01  1.00000000e-01  1.00000000e-01 
 1.00000000e-06  1.18792986e-16  1.58320196e-16  1.15606051e-14  5.59391286e-15  9.49876912e-07  1.39637034e-05  4.98130902e-07  1.00000000e-06  2.37406880e-01  1.00000000e-01  2.00000000e-01 
 1.00000000e-06  1.97421161e-15  2.53031952e-15  2.67945720e-14  2.06357661e-14  1.24971409e-05  8.42234767e-05  4.88285388e-06  1.00000000e-06  2.37406880e-01  1.00000000e-01  3.00000000e-01 
 1.00000000e-06  8.83098009e-15  1.13707204e-14  4.04090692e-14  2.71318041e-14  8.93614694e-05  1.63563500e-04  1.76259603e-05  1.00000000e-06  2.37406880e-01  1.00000000e-01  4.00000000e-01 
 1.00000000e-06  1.38474829e-14  1.81674240e-14  4.79124201e-14  2.86701372e-14  2.49592719e-04  1.97838280e-04  3.60058683e-05  1.00000000e-06  2.37406880e-01  1.00000000e-01  5.00000000e-01 
 1.00000000e-06  1.63414900e-14  2.16994698e-14  5.16598235e-14  2.92311236e-14  4.45730498e-04  2.05529825e-04  5.63237954e-05  1.00000000e-06  2.37406880e-01  1.00000000e-01  6.00000000e-01 
 1.00000000e-06  1.77478545e-14  2.37406194e-14  5.38497434e-14  2.95434821e-14  6.50129757e-04  2.00139211e-04  7.66828898e-05  1.00000000e-06  2.37406880e-01  1.00000000e-01  7.00000000e-01 
 1.00000000e-06  1.86471162e-14  2.50614446e-14  5.52967183e-14  2.97572413e-14  8.49496609e-04  1.88122682e-04  9.61339162e-05  1.00000000e-06  2.37406880e-01  1.00000000e-01  8.00000000e-01 
 1.00000000e-06  1.92730333e-14  2.59851996e-14  5.63288793e-14  2.99171485e-14  1.03712524e-03  1.72912794e-04  1.14202649e-04  1.00000000e-06  2.37406880e-01  1.00000000e-01  9.00000000e-01 
 1.00000000e-06  1.97340884e-14  2.66660952e-14  5.71012935e-14  3.00412320e-14  1.20977045e-03  1.56460936e-04  1.30676146e-04  1.00000000e-06  2.37406880e-01  1.00000000e-01  1.00000000e+00 
 1.00000000e-06  2.00872026e-14  2.71866386e-14  5.76974773e-14  3.01387416e-14  1.36614904e-03  1.39908400e-04  1.45492344e-04  1.00000000e-06  2.37406880e-01  1.00000000e-01  1.10000000e+00 
 1.00000000e-06  2.03652245e-14  2.75951106e-14  5.81670928e-14  3.02153525e-14  1.50612558e-03  1.23920866e-04  1.58677550e-04  1.00000000e-06  2.37406880e-01  1.00000000e-01  1.20000000e+00 
 1.00000000e-06  8.52586996e-21  7.01351377e-20  7.14546212e-15  1.98080353e-17  1.42196643e-09  3.78562429e-08  1.21274162e-09  1.00000000e-06  2.37406683e-01  2.00000000e-01  0.00000000e+00 
 1.00000000e-06  1.94222056e-19  3.15033924e-19  7.08691896e-15  3.42274937e-16  3.43551012e-08  8.66864537e-07  2.77266130e-08  1.00000000e-06  2.37406683e-01  2.00000000e-01  1.00000000e-01 
 1.00000000e-06  4.09594502e-18  5.46851877e-18  1.14520732e-14  5.62351324e-15  6.77081820e-07  1.58526571e-05  5.69285154e-07  1.00000000e-06  2.37406683e-01  2.00000000e-01  2.00000000e-01 
 1.00000000e-06  5.82108685e-17  7.37165053e-17  2.50617690e-14  2.11374595e-14  4.50170711e-06  9.59101640e-05  5.49979259e-06  1.00000000e-06  2.37406683e-01  2.00000000e-01  3.00000000e-01 
 1.00000000e-06  8.02973185e-16  9.98631189e-16  3.34381228e-14  2.96916185e-14  1.48541050e-05  2.30733655e-04  2.16067388e-05  1.00000000e-06  2.37406683e-01  2.00000000e-01  4.00000000e-01 
 1.00000000e-06  5.11225812e-15  6.41817909e-15  4.08937012e-14  3.26148018e-14  6.93800084e-05  3.51387969e-04  5.12068641e-05  1.00000000e-06  2.37406683e-01  2.00000000e-01  5.00000000e-01 
 1.00000000e-06  1.07184366e-14  1.37344895e-14  4.75278635e-14  3.26451109e-14  2.16889783e-04  4.00551094e-04  8.93501644e-05  1.00000000e-06  2.37406683e-01  2.00000000e-01  6.00000000e-01 
 1.00000000e-06  1.41221261e-14  1.83941511e-14  5.14226994e-14  3.22439352e-14  4.11344700e-04  4.03911494e-04  1.29816826e-04  1.00000000e-06  2.37406683e-01  2.00000000e-01  7.00000000e-01 
 1.00000000e-06  1.60721607e-14  2.11659903e-14  5.37288060e-14  3.19598432e-14  6.14895485e-04  3.86736293e-04  1.69462997e-04  1.00000000e-06  2.37406683e-01  2.00000000e-01  8.00000000e-01 
 1.00000000e-06  1.73017612e-14  2.29566730e-14  5.52352280e-14  3.17752130e-14  8.12998208e-04  3.59813710e-04  2.06844485e-04  1.00000000e-06  2.37406683e-01  2.00000000e-01  9.00000000e-01 
 1.00000000e-06  1.81461586e-14  2.42044516e-14  5.62964679e-14  3.16482907e-14  9.99299741e-04  3.28520998e-04  2.41282635e-04  1.00000000e-06  2.37406683e-01  2.00000000e-01  1.00000000e+00 
 1.00000000e-06  1.87621987e-14  2.51224782e-14  5.70824974e-14  3.15545451e-14  1.17084041e-03  2.95888035e-04  2.72505607e-04  1.00000000e-06  2.37406683e-01  2.00000000e-01  1.10000000e+00 
 1.00000000e-06  1.92310604e-14  2.58243643e-14  5.76842562e-14  3.14803961e-14  1.32645706e-03  2.63686669e-04  3.00475865e-04  1.00000000e-06  2.37406683e-01  2.00000000e-01  1.20000000e+00 
 1.00000000e-06  5.45531250e-21  3.34249151e-20  7.14543744e-15  1.98044272e-17  1.42221366e-09  4.24101625e-08  1.35558779e-09  1.00000000e-06  2.37406607e-01  3.00000000e-01  0.00000000e+00 
 1.00000000e-06  1.23969165e-19  1.90305321e-19  7.08630931e-15  3.41691367e-16  3.45369552e-08  9.76565696e-07  3.11885018e-08  1.00000000e-06  2.37406607e-01  3.00000000e-01  1.00000000e-01 
 1.00000000e-06  2.48415604e-18  3.30659126e-18  1.14412252e-14  5.61334951e-15  6.75535721e-07  1.75976731e-05  6.37208276e-07  1.00000000e-06  2.37406607e-01  3.00000000e-01  2.00000000e-01 
 1.00000000e-06  2.12318596e-17  2.67340753e-17  2.49804614e-14  2.10927402e-14  4.21460664e-06  1.01370966e-04  5.93461720e-06  1.00000000e-06  2.37406607e-01  3.00000000e-01  3.00000000e-01 
 1.00000000e-06  9.95449524e-17  1.22097825e-16  3.26072372e-14  2.96362058e-14  1.06641011e-05  2.41904231e-04  2.28039262e-05  1.00000000e-06  2.37406607e-01  3.00000000e-01  4.00000000e-01 
 1.00000000e-06  6.22691226e-16  7.66669689e-16  3.66105836e-14  3.34899752e-14  2.23008099e-05  4.00236424e-04  5.49077183e-05  1.00000000e-06  2.37406607e-01  3.00000000e-01  5.00000000e-01 
 1.00000000e-06  3.09982881e-15  3.85781243e-15  4.10854770e-14  3.53836731e-14  6.26981669e-05  5.33903648e-04  1.02065230e-04  1.00000000e-06  2.37406607e-01  3.00000000e-01  6.00000000e-01 
 1.00000000e-06  7.69157037e-15  9.72249365e-15  4.64672577e-14  3.54644391e-14  1.82651483e-04  5.93397711e-04  1.59109493e-04  1.00000000e-06  2.37406607e-01  3.00000000e-01  7.00000000e-01 
 1.00000000e-06  1.16305501e-14  1.49346503e-14  5.05625739e-14  3.47352070e-14  3.67498968e-04  5.89996421e-04  2.18635230e-04  1.00000000e-06  2.37406607e-01  3.00000000e-01  8.00000000e-01 
 1.00000000e-06  1.41842589e-14  1.84403024e-14  5.31669420e-14  3.40514342e-14  5.70404603e-04  5.58079241e-04  2.76182787e-04  1.00000000e-06  2.37406607e-01  3.00000000e-01  9.00000000e-01 
 1.00000000e-06  1.58231362e-14  2.07594060e-14  5.48606559e-14  3.35494632e-14  7.68916091e-04  5.14706681e-04  3.29879059e-04  1.00000000e-06  2.37406607e-01  3.00000000e-01  1.00000000e+00 
 1.00000000e-06  1.69361064e-14  2.23701642e-14  5.60313747e-14  3.31841107e-14  9.55150711e-04  4.67147206e-04  3.78988327e-04  1.00000000e-06  2.37406607e-01  3.00000000e-01  1.10000000e+00 
 1.00000000e-06  1.77364057e-14  2.35469647e-14  5.68833493e-14  3.29074926e-14  1.12629840e-03  4.19022295e-04  4.23291648e-04  1.00000000e-06  2.37406607e-01  3.00000000e-01  1.20000000e+00 
 1.00000000e-06  4.61589571e-21  2.06064437e-20  7.14541772e-15  1.97885054e-17  1.37101527e-09  4.68737686e-08  1.49538975e-09  1.00000000e-06  2.37406562e-01  4.00000000e-01  0.00000000e+00 
 1.00000000e-06  1.04868034e-19  1.53909957e-19  7.08583680e-15  3.41181722e-16  3.34010751e-08  1.08448511e-06  3.45910188e-08  1.00000000e-06  2.37406562e-01  4.00000000e-01  1.00000000e-01 
 1.00000000e-06  2.09106441e-18  2.78102293e-18  1.14331800e-14  5.60473616e-15  6.51459044e-07  1.92916492e-05  7.03654373e-07  1.00000000e-06  2.37406562e-01  4.00000000e-01  2.00000000e-01 
 1.00000000e-06  1.68385768e-17  2.12166732e-17  2.49455082e-14  2.10588561e-14  3.95106834e-06  1.06259162e-04  6.34288137e-06  1.00000000e-06  2.37406562e-01  4.00000000e-01  3.00000000e-01 
 1.00000000e-06  5.38893828e-17  6.57299742e-17  3.24977476e-14  2.95698766e-14  9.54765069e-06  2.49047011e-04  2.38106273e-05  1.00000000e-06  2.37406562e-01  4.00000000e-01  4.00000000e-01 
 1.00000000e-06  1.58472857e-16  1.92365947e-16  3.59819323e-14  3.33630933e-14  1.73123188e-05  4.12650023e-04  5.68323916e-05  1.00000000e-06  2.37406562e-01  4.00000000e-01  5.00000000e-01 
 1.00000000e-06  6.13424111e-16  7.52355492e-16  3.84746078e-14  3.55921607e-14  3.04504726e-05  5.72602382e-04  1.06221888e-04  1.00000000e-06  2.37406562e-01  4.00000000e-01  6.00000000e-01 
 1.00000000e-06  2.22869221e-15  2.76358794e-15  4.15489659e-14  3.69971475e-14  6.55144964e-05  7.01200017e-04  1.70327615e-04  1.00000000e-06  2.37406562e-01  4.00000000e-01  7.00000000e-01 
 1.00000000e-06  5.50941962e-15  6.91187188e-15  4.56108416e-14  3.73278480e-14  1.60300829e-04  7.63289353e-04  2.44197713e-04  1.00000000e-06  2.37406562e-01  4.00000000e-01  8.00000000e-01 
 1.00000000e-06  9.20242970e-15  1.16966279e-14  4.94560905e-14  3.67512564e-14  3.23163195e-04  7.56981557e-04  3.20663716e-04  1.00000000e-06  2.37406562e-01  4.00000000e-01  9.00000000e-01 
 1.00000000e-06  1.21177476e-14  1.55872867e-14  5.22829496e-14  3.59302214e-14  5.18306597e-04  7.12741892e-04  3.94345574e-04  1.00000000e-06  2.37406562e-01  4.00000000e-01  1.00000000e+00 
 1.00000000e-06  1.41595015e-14  1.83920608e-14  5.42145418e-14  3.52066964e-14  7.15800294e-04  6.53689913e-04  4.62732903e-04  1.00000000e-06  2.37406562e-01  4.00000000e-01  1.10000000e+00 
 1.00000000e-06  1.55825913e-14  2.03965513e-14  5.55542105e-14  3.46354149e-14  9.02663094e-04  5.90467991e-04  5.24950871e-04  1.00000000e-06  2.37406562e-01  4.00000000e-01  1.20000000e+00 
 1.00000000e-06  4.04046142e-21  1.43764292e-20  7.14540040e-15  1.97711374e-17  1.30631030e-09  5.11495799e-08  1.62917549e-09  1.00000000e-06  2.37406531e-01  5.00000000e-01  0.00000000e+00 
 1.00000000e-06  9.17876956e-20  1.31406096e-19  7.08542825e-15  3.40733562e-16  3.18917753e-08  1.18814007e-06  3.78567890e-08  1.00000000e-06  2.37406531e-01  5.00000000e-01  1.00000000e-01 
 1.00000000e-06  1.82764166e-18  2.43101107e-18  1.14262656e-14  5.59723299e-15  6.21209125e-07  2.09077772e-05  7.67305524e-07  1.00000000e-06  2.37406531e-01  5.00000000e-01  2.00000000e-01 
 1.00000000e-06  1.45319267e-17  1.83339573e-17  2.49176132e-14  2.10302970e-14  3.70079068e-06  1.10722134e-04  6.72529595e-06  1.00000000e-06  2.37406531e-01  5.00000000e-01  3.00000000e-01 
 1.00000000e-06  4.31561545e-17  5.26514035e-17  3.24462486e-14  2.95252962e-14  8.71299894e-06  2.55140045e-04  2.47221728e-05  1.00000000e-06  2.37406531e-01  5.00000000e-01  4.00000000e-01 
 1.00000000e-06  9.31261608e-17  1.12309462e-16  3.58413288e-14  3.32864757e-14  1.52095258e-05  4.20904498e-04  5.84506200e-05  1.00000000e-06  2.37406531e-01  5.00000000e-01  5.00000000e-01 
 1.00000000e-06  2.21078087e-16  2.67566563e-16  3.79215697e-14  3.54633329e-14  2.39900493e-05  5.86455365e-04  1.08889581e-04  1.00000000e-06  2.37406531e-01  5.00000000e-01  6.00000000e-01 
 1.00000000e-06  6.36168477e-16  7.78744962e-16  3.97778264e-14  3.70263440e-14  3.85410002e-05  7.35827576e-04  1.75205495e-04  1.00000000e-06  2.37406531e-01  5.00000000e-01  7.00000000e-01 
 1.00000000e-06  1.80265850e-15  2.22977037e-15  4.20958312e-14  3.81491377e-14  7.14990798e-05  8.50377114e-04  2.54904184e-04  1.00000000e-06  2.37406531e-01  5.00000000e-01  8.00000000e-01 
 1.00000000e-06  4.12756340e-15  5.15376369e-15  4.51611300e-14  3.86022219e-14  1.49259134e-04  9.06952023e-04  3.43328178e-04  1.00000000e-06  2.37406531e-01  5.00000000e-01  9.00000000e-01 
 1.00000000e-06  7.18788456e-15  9.06876333e-15  4.84566938e-14  3.82916600e-14  2.86984164e-04  8.99300172e-04  4.34116894e-04  1.00000000e-06  2.37406531e-01  5.00000000e-01  1.00000000e+00 
 1.00000000e-06  1.00844316e-14  1.28593279e-14  5.12647192e-14  3.75517467e-14  4.65800622e-04  8.47936511e-04  5.21730903e-04  1.00000000e-06  2.37406531e-01  5.00000000e-01  1.10000000e+00 
 1.00000000e-06  1.23802454e-14  1.59391286e-14  5.33694617e-14  3.67440982e-14  6.57030115e-04  7.76766806e-04  6.03057133e-04  1.00000000e-06  2.37406531e-01  5.00000000e-01  1.20000000e+00 
 1.00000000e-06  3.59619155e-21  1.08050708e-20  7.14538494e-15  1.97544584e-17  1.24126075e-09  5.52169295e-08  1.75634961e-09  1.00000000e-06  2.37406507e-01  6.00000000e-01  0.00000000e+00 
 1.00000000e-06  8.16913095e-20  1.15195931e-19  7.08506692e-15  3.40334221e-16  3.03415318e-08  1.28694405e-06  4.09680289e-08  1.00000000e-06  2.37406507e-01  6.00000000e-01  1.00000000e-01 
 1.00000000e-06  1.62523957e-18  2.16283695e-18  1.14201653e-14  5.59057326e-15  5.90628630e-07  2.24421450e-05  8.27888808e-07  1.00000000e-06  2.37406507e-01  6.00000000e-01  2.00000000e-01 
 1.00000000e-06  1.28461168e-17  1.62272385e-17  2.48934779e-14  2.10052004e-14  3.47444464e-06  1.14831207e-04  7.08384717e-06  1.00000000e-06  2.37406507e-01  6.00000000e-01  3.00000000e-01 
 1.00000000e-06  3.73155465e-17  4.55784939e-17  3.24073295e-14  2.94888076e-14  8.02652117e-06  2.60534600e-04  2.55581136e-05  1.00000000e-06  2.37406507e-01  6.00000000e-01  4.00000000e-01 
 1.00000000e-06  7.34796225e-17  8.85440276e-17  3.57753356e-14  3.32367889e-14  1.37168277e-05  4.27726026e-04  5.98936599e-05  1.00000000e-06  2.37406507e-01  6.00000000e-01  5.00000000e-01 
 1.00000000e-06  1.35539608e-16  1.62878168e-16  3.77541897e-14  3.53824798e-14  2.08519876e-05  5.95652058e-04  1.11119596e-04  1.00000000e-06  2.37406507e-01  6.00000000e-01  6.00000000e-01 
 1.00000000e-06  2.81241001e-16  3.40125300e-16  3.92753500e-14  3.69102316e-14  3.05162564e-05  7.51010824e-04  1.78602092e-04  1.00000000e-06  2.37406507e-01  6.00000000e-01  7.00000000e-01 
 1.00000000e-06  6.62157702e-16  8.09359302e-16  4.07883251e-14  3.81326726e-14  4.62907540e-05  8.83232556e-04  2.60552901e-04  1.00000000e-06  2.37406507e-01  6.00000000e-01  8.00000000e-01 
 1.00000000e-06  1.55936173e-15  1.92423799e-15  4.26338331e-14  3.90680806e-14  7.81907854e-05  9.79888535e-04  3.54067870e-04  1.00000000e-06  2.37406507e-01  6.00000000e-01  9.00000000e-01 
 1.00000000e-06  3.25629012e-15  4.05074011e-15  4.50025486e-14  3.95515116e-14  1.44804011e-04  1.02618056e-03  4.54842344e-04  1.00000000e-06  2.37406507e-01  6.00000000e-01  1.00000000e+00 
 1.00000000e-06  5.66831343e-15  7.11090857e-15  4.77085703e-14  3.94502224e-14  2.60717828e-04  1.01607017e-03  5.57399880e-04  1.00000000e-06  2.37406507e-01  6.00000000e-01  1.10000000e+00 
 1.00000000e-06  8.28119310e-15  1.04840151e-14  5.02916250e-14  3.88830490e-14  4.19043195e-04  9.61656780e-04  6.56570904e-04  1.00000000e-06  2.37406507e-01  6.00000000e-01  1.20000000e+00 
 1.00000000e-06  3.24015731e-21  8.53062633e-21  7.14537099e-15  1.97389169e-17  1.18020726e-09  5.90808451e-08  1.87710352e-09  1.00000000e-06  2.37406486e-01  7.00000000e-01  0.00000000e+00 
 1.00000000e-06  7.36010305e-20  1.02752146e-19  7.08474286e-15  3.39974373e-16  2.88630937e-08  1.38096147e-06  4.39272659e-08  1.00000000e-06  2.37406486e-01  7.00000000e-01  1.00000000e-01 
 1.00000000e-06  1.46336924e-18  1.94862053e-18  1.14147030e-14  5.58458448e-15  5.61660724e-07  2.38984140e-05  8.85486156e-07  1.00000000e-06  2.37406486e-01  7.00000000e-01  2.00000000e-01 
 1.00000000e-06  1.15201815e-17  1.45689098e-17  2.48720821e-14  2.09827435e-14  3.27279068e-06  1.18641540e-04  7.42101065e-06  1.00000000e-06  2.37406486e-01  7.00000000e-01  3.00000000e-01 
 1.00000000e-06  3.31121189e-17  4.04929189e-17  3.23743094e-14  2.94569377e-14  7.44888147e-06  2.65391208e-04  2.63310915e-05  1.00000000e-06  2.37406486e-01  7.00000000e-01  4.00000000e-01 
 1.00000000e-06  6.31233972e-17  7.61198471e-17  3.57291085e-14  3.31977923e-14  1.25353134e-05  4.33656879e-04  6.12042104e-05  1.00000000e-06  2.37406486e-01  7.00000000e-01  5.00000000e-01 
 1.00000000e-06  1.05386076e-16  1.26401993e-16  3.76733340e-14  3.53294345e-14  1.86799722e-05  6.03039261e-04  1.13090943e-04  1.00000000e-06  2.37406486e-01  7.00000000e-01  6.00000000e-01 
 1.00000000e-06  1.78961202e-16  2.14870895e-16  3.90893297e-14  3.68303015e-14  2.63274788e-05  7.61042242e-04  1.81427992e-04  1.00000000e-06  2.37406486e-01  7.00000000e-01  7.00000000e-01 
 1.00000000e-06  3.35618191e-16  4.05757531e-16  4.03305551e-14  3.80333347e-14  3.67717202e-05  8.99536667e-04  2.64647662e-04  1.00000000e-06  2.37406486e-01  7.00000000e-01  8.00000000e-01 
 1.00000000e-06  6.83817667e-16  8.34535215e-16  4.16156946e-14  3.90440583e-14  5.35313520e-05  1.01172376e-03  3.60460119e-04  1.00000000e-06  2.37406486e-01  7.00000000e-01  9.00000000e-01 
 1.00000000e-06  1.40174997e-15  1.72531115e-15  4.31315576e-14  3.98398072e-14  8.46676580e-05  1.08954188e-03  4.65849230e-04  1.00000000e-06  2.37406486e-01  7.00000000e-01  1.00000000e+00 
 1.00000000e-06  2.68373734e-15  3.32689141e-15  4.50083825e-14  4.03081716e-14  1.43601654e-04  1.12368491e-03  5.76907850e-04  1.00000000e-06  2.37406486e-01  7.00000000e-01  1.10000000e+00 
 1.00000000e-06  4.56384509e-15  5.69783050e-15  4.72024469e-14  4.03370906e-14  2.42400863e-04  1.10958608e-03  6.88963837e-04  1.00000000e-06  2.37406486e-01  7.00000000e-01  1.20000000e+00 
 1.00000000e-06  2.94806753e-21  6.97185471e-21  7.14535830e-15  1.97245348e-17  1.12446611e-09  6.27545913e-08  1.99187611e-09  1.00000000e-06  2.37406468e-01  8.00000000e-01  0.00000000e+00 
 1.00000000e-06  6.69642586e-20  9.28263562e-20  7.08444906e-15  3.39647032e-16  2.74917427e-08  1.47047606e-06  4.67437860e-08  1.00000000e-06  2.37406468e-01  8.00000000e-01  1.00000000e-01 
 1.00000000e-06  1.33074764e-18  1.77318539e-18  1.14097571e-14  5.57914355e-15  5.34878970e-07  2.52824677e-05  9.40294032e-07  1.00000000e-06  2.37406468e-01  8.00000000e-01  2.00000000e-01 
 1.00000000e-06  1.04435211e-17  1.32210958e-17  2.48528438e-14  2.09624079e-14  3.09354563e-06  1.22196778e-04  7.73915257e-06  1.00000000e-06  2.37406468e-01  8.00000000e-01  3.00000000e-01 
 1.00000000e-06  2.98128703e-17  3.64991410e-17  3.23452302e-14  2.94283877e-14  6.95571941e-06  2.69814573e-04  2.70506985e-05  1.00000000e-06  2.37406468e-01  8.00000000e-01  4.00000000e-01 
 1.00000000e-06  5.59771239e-17  6.75716012e-17  3.56913908e-14  3.31643960e-14  1.15629585e-05  4.38931401e-04  6.24076508e-05  1.00000000e-06  2.37406468e-01  8.00000000e-01  5.00000000e-01 
 1.00000000e-06  8.96421416e-17  1.07531554e-16  3.76197128e-14  3.52889885e-14  1.69966630e-05  6.09355911e-04  1.14871627e-04  1.00000000e-06  2.37406468e-01  8.00000000e-01  6.00000000e-01 
 1.00000000e-06  1.38074282e-16  1.65327194e-16  3.89948589e-14  3.67757647e-14  2.34718567e-05  7.68894490e-04  1.83910600e-04  1.00000000e-06  2.37406468e-01  8.00000000e-01  7.00000000e-01 
 1.00000000e-06  2.21384247e-16  2.65775839e-16  4.01345854e-14  3.79581927e-14  3.15479754e-05  9.10304546e-04  2.68043467e-04  1.00000000e-06  2.37406468e-01  8.00000000e-01  8.00000000e-01 
 1.00000000e-06  3.82711408e-16  4.62461489e-16  4.12001780e-14  3.89617490e-14  4.26689844e-05  1.02889968e-03  3.65210461e-04  1.00000000e-06  2.37406468e-01  8.00000000e-01  9.00000000e-01 
 1.00000000e-06  6.99509539e-16  8.52148477e-16  4.23110388e-14  3.98194168e-14  6.01629301e-05  1.12056090e-03  4.72926903e-04  1.00000000e-06  2.37406468e-01  8.00000000e-01  1.00000000e+00 
 1.00000000e-06  1.28951609e-15  1.58272290e-15  4.35789051e-14  4.05024190e-14  9.05730365e-05  1.18023644e-03  5.88257879e-04  1.00000000e-06  2.37406468e-01  8.00000000e-01  1.10000000e+00 
 1.00000000e-06  2.28834291e-15  2.82676313e-15  4.50969314e-14  4.09353474e-14  1.43855438e-04  1.20213707e-03  7.07712492e-04  1.00000000e-06  2.37406468e-01  8.00000000e-01  1.20000000e+00 
 1.00000000e-06  2.70405575e-21  5.84433816e-21  7.14534666e-15  1.97112202e-17  1.07425810e-09  6.62534284e-08  2.10116252e-09  1.00000000e-06  2.37406451e-01  9.00000000e-01  0.00000000e+00 
 1.00000000e-06  6.14202034e-20  8.46935470e-20  7.08418036e-15  3.39346873e-16  2.62335896e-08  1.55583286e-06  4.94287049e-08  1.00000000e-06  2.37406451e-01  9.00000000e-01  1.00000000e-01 
 1.00000000e-06  1.22006792e-18  1.62678012e-18  1.14052383e-14  5.57415863e-15  5.10346652e-07  2.66005347e-05  9.92536645e-07  1.00000000e-06  2.37406451e-01  9.00000000e-01  2.00000000e-01 
 1.00000000e-06  9.55058998e-18  1.21022641e-17  2.48353623e-14  2.09438237e-14  2.93382074e-06  1.25531764e-04  8.04036985e-06  1.00000000e-06  2.37406451e-01  9.00000000e-01  3.00000000e-01 
 1.00000000e-06  2.71242454e-17  3.32417304e-17  3.23191487e-14  2.94024567e-14  6.52956339e-06  2.73880106e-04  2.77244638e-05  1.00000000e-06  2.37406451e-01  9.00000000e-01  4.00000000e-01 
 1.00000000e-06  5.04706672e-17  6.09878547e-17  3.56587506e-14  3.31346857e-14  1.07446962e-05  4.43690039e-04  6.35219184e-05  1.00000000e-06  2.37406451e-01  9.00000000e-01  5.00000000e-01 
 1.00000000e-06  7.91980945e-17  9.50734977e-17  3.75778463e-14  3.52551557e-14  1.56279294e-05  6.14916816e-04  1.16500681e-04  1.00000000e-06  2.37406451e-01  9.00000000e-01  6.00000000e-01 
 1.00000000e-06  1.16368296e-16  1.39266698e-16  3.89336607e-14  3.67344706e-14  2.12944561e-05  7.75492678e-04  1.86144614e-04  1.00000000e-06  2.37406451e-01  9.00000000e-01  7.00000000e-01 
 1.00000000e-06  1.70748158e-16  2.04323114e-16  4.00293305e-14  3.79042349e-14  2.80143153e-05  9.18553720e-04  2.71012069e-04  1.00000000e-06  2.37406451e-01  9.00000000e-01  8.00000000e-01 
 1.00000000e-06  2.61221155e-16  3.13563434e-16  4.10016510e-14  3.88937323e-14  3.64590080e-05  1.04029939e-03  3.69143328e-04  1.00000000e-06  2.37406451e-01  9.00000000e-01  9.00000000e-01 
 1.00000000e-06  4.22256217e-16  5.09808622e-16  4.19352845e-14  3.97527115e-14  4.81480491e-05  1.13835954e-03  4.78282435e-04  1.00000000e-06  2.37406451e-01  9.00000000e-01  1.00000000e+00 
 1.00000000e-06  7.09555893e-16  8.62590388e-16  4.29017784e-14  4.04883016e-14  6.61412932e-05  1.21046014e-03  5.95951018e-04  1.00000000e-06  2.37406451e-01  9.00000000e-01  1.10000000e+00 
 1.00000000e-06  1.20394206e-15  1.47322446e-15  4.39737908e-14  4.10759377e-14  9.57887362e-05  1.25355111e-03  7.19408493e-04  1.00000000e-06  2.37406451e-01  9.00000000e-01  1.20000000e+00 
 1.00000000e-06  2.49715100e-21  4.99445752e-21  7.14533591e-15  1.96988582e-17  1.02941823e-09  6.95922936e-08  2.20544385e-09  1.00000000e-06  2.37406435e-01  1.00000000e+00  0.00000000e+00 
 1.00000000e-06  5.67194449e-20  7.78930725e-20  7.08393282e-15  3.39069760e-16  2.50836955e-08  1.63737776e-06  5.19930906e-08  1.00000000e-06  2.37406435e-01  1.00000000e+00  1.00000000e-01 
 1.00000000e-06  1.12629691e-18  1.50271905e-18  1.14010785e-14  5.56955925e-15  4.87938110e-07  2.78585219e-05  1.04243340e-06  1.00000000e-06  2.37406435e-01  1.00000000e+00  2.00000000e-01 
 1.00000000e-06  8.79776797e-18  1.11581711e-17  2.48193423e-14  2.09267118e-14  2.79088342e-06  1.28674634e-04  8.32647476e-06  1.00000000e-06  2.37406435e-01  1.00000000e+00  3.00000000e-01 
 1.00000000e-06  2.48831684e-17  3.05241011e-17  3.22954751e-14  2.93786810e-14  6.15743079e-06  2.77644589e-04  2.83584071e-05  1.00000000e-06  2.37406435e-01  1.00000000e+00  4.00000000e-01 
 1.00000000e-06  4.60092202e-17  5.56513433e-17  3.56297173e-14  3.31077409e-14  1.00449235e-05  4.48029137e-04  6.45605272e-05  1.00000000e-06  2.37406435e-01  1.00000000e+00  5.00000000e-01 
 1.00000000e-06  7.13590539e-17  8.57397320e-17  3.75425238e-14  3.52254440e-14  1.44844109e-05  6.19898791e-04  1.18004685e-04  1.00000000e-06  2.37406435e-01  1.00000000e+00  6.00000000e-01 
 1.00000000e-06  1.02290867e-16  1.22465649e-16  3.88874997e-14  3.67005021e-14  1.95414743e-05  7.81238592e-04  1.88183516e-04  1.00000000e-06  2.37406435e-01  1.00000000e+00  7.00000000e-01 
 1.00000000e-06  1.43005512e-16  1.70948608e-16  3.99611440e-14  3.78629251e-14  2.53550184e-05  9.25364458e-04  2.73675029e-04  1.00000000e-06  2.37406435e-01  1.00000000e+00  8.00000000e-01 
 1.00000000e-06  2.02550559e-16  2.42293903e-16  4.08890935e-14  3.88421557e-14  3.22643836e-05  1.04889407e-03  3.72567903e-04  1.00000000e-06  2.37406435e-01  1.00000000e+00  9.00000000e-01 
 1.00000000e-06  2.97471073e-16  3.56934596e-16  4.17396834e-14  3.96928341e-14  4.10289946e-05  1.15028041e-03  4.82715072e-04  1.00000000e-06  2.37406435e-01  1.00000000e+00  1.00000000e+00 
 1.00000000e-06  4.54715416e-16  5.48319392e-16  4.25627540e-14  4.04351077e-14  5.31758869e-05  1.22865767e-03  6.01857392e-04  1.00000000e-06  2.37406435e-01  1.00000000e+00  1.10000000e+00 
 1.00000000e-06  7.14892252e-16  8.67050178e-16  4.34050604e-14  4.10678892e-14  7.14657876e-05  1.28295251e-03  7.27644884e-04  1.00000000e-06  2.37406435e-01  1.00000000e+00  1.20000000e+00 
 1.00000000e-06  2.31949400e-21  4.33276090e-21  7.14532593e-15  1.96873383e-17  9.89700131e-10  7.27849693e-08  2.30516263e-09  1.00000000e-06  2.37406420e-01  1.10000000e+00  0.00000000e+00 
 1.00000000e-06  5.26833286e-20  7.21143274e-20  7.08370334e-15  3.38812425e-16  2.40334694e-08  1.71543497e-06  5.44472664e-08  1.00000000e-06  2.37406420e-01  1.10000000e+00  1.00000000e-01 
 1.00000000e-06  1.04583720e-18  1.39623733e-18  1.13972251e-14  5.56529011e-15  4.67469161e-07  2.90618063e-05  1.09018719e-06  1.00000000e-06  2.37406420e-01  1.10000000e+00  2.00000000e-01 
 1.00000000e-06  8.15441945e-18  1.03507081e-17  2.48045577e-14  2.09108559e-14  2.66237618e-06  1.31648409e-04  8.59902241e-06  1.00000000e-06  2.37406420e-01  1.10000000e+00  3.00000000e-01 
 1.00000000e-06  2.29841433e-17  2.82192566e-17  3.22737929e-14  2.93567213e-14  5.82953152e-06  2.81152030e-04  2.89574142e-05  1.00000000e-06  2.37406420e-01  1.10000000e+00  4.00000000e-01 
 1.00000000e-06  4.22921098e-17  5.12020778e-17  3.56034794e-14  3.30830179e-14  9.43881345e-06  4.52019248e-04  6.55340102e-05  1.00000000e-06  2.37406420e-01  1.10000000e+00  5.00000000e-01 
 1.00000000e-06  6.50911262e-17  7.82793016e-17  3.75115403e-14  3.51986602e-14  1.35112442e-05  6.24417174e-04  1.19403217e-04  1.00000000e-06  2.37406420e-01  1.10000000e+00  6.00000000e-01 
 1.00000000e-06  9.19728331e-17  1.10189128e-16  3.88495585e-14  3.66710673e-14  1.80852983e-05  7.86349655e-04  1.90062746e-04  1.00000000e-06  2.37406420e-01  1.10000000e+00  7.00000000e-01 
 1.00000000e-06  1.25108151e-16  1.49556122e-16  3.99107219e-14  3.78291373e-14  2.32340590e-05  9.31224418e-04  2.76100852e-04  1.00000000e-06  2.37406420e-01  1.10000000e+00  8.00000000e-01 
 1.00000000e-06  1.69181931e-16  2.02091964e-16  4.08151757e-14  3.88017733e-14  2.91382475e-05  1.05587509e-03  3.75631308e-04  1.00000000e-06  2.37406420e-01  1.10000000e+00  9.00000000e-01 
 1.00000000e-06  2.32739605e-16  2.78286003e-16  4.16231831e-14  3.96449067e-14  3.62034309e-05  1.15917579e-03  4.86563198e-04  1.00000000e-06  2.37406420e-01  1.10000000e+00  1.00000000e+00 
 1.00000000e-06  3.29680986e-16  3.95287107e-16  4.23737347e-14  4.03834408e-14  4.52439824e-05  1.24099007e-03  6.06750179e-04  1.00000000e-06  2.37406420e-01  1.10000000e+00  1.10000000e+00 
 1.00000000e-06  4.80905970e-16  5.78988965e-16  4.30993833e-14  4.10259834e-14  5.77440094e-05  1.30136229e-03  7.34047102e-04  1.00000000e-06  2.37406420e-01  1.10000000e+00  1.20000000e+00 
 1.00000000e-06  2.16530029e-21  3.80398014e-21  7.14531661e-15  1.96765626e-17  9.55027823e-10  7.58437788e-08  2.40071664e-09  1.00000000e-06  2.37406406e-01  1.20000000e+00  0.00000000e+00 
 1.00000000e-06  4.91803759e-20  6.71386165e-20  7.08348947e-15  3.38572244e-16  2.30739966e-08  1.79030083e-06  5.68005949e-08  1.00000000e-06  2.37406406e-01  1.20000000e+00  1.00000000e-01 
 1.00000000e-06  9.76045462e-19  1.30384002e-18  1.13936358e-14  5.56130702e-15  4.48755155e-07  3.02152150e-05  1.13598117e-06  1.00000000e-06  2.37406406e-01  1.20000000e+00  2.00000000e-01 
 1.00000000e-06  7.59828392e-18  9.65217051e-18  2.47908316e-14  2.08960841e-14  2.54637293e-06  1.34472202e-04  8.85934745e-06  1.00000000e-06  2.37406406e-01  1.20000000e+00  3.00000000e-01 
 1.00000000e-06  2.13536689e-17  2.62387264e-17  3.22537900e-14  2.93363167e-14  5.53848466e-06  2.84437345e-04  2.95255040e-05  1.00000000e-06  2.37406406e-01  1.20000000e+00  4.00000000e-01 
 1.00000000e-06  3.91371966e-17  4.74228580e-17  3.55795107e-14  3.30601484e-14  8.90848881e-06  4.55714094e-04  6.64507691e-05  1.00000000e-06  2.37406406e-01  1.20000000e+00  5.00000000e-01 
 1.00000000e-06  5.98985802e-17  7.20971374e-17  3.74837608e-14  3.51741419e-14  1.26715876e-05  6.28553749e-04  1.20711336e-04  1.00000000e-06  2.37406406e-01  1.20000000e+00  6.00000000e-01 
 1.00000000e-06  8.38536285e-17  1.00541055e-16  3.88168390e-14  3.66447540e-14  1.68504429e-05  7.90961606e-04  1.91807901e-04  1.00000000e-06  2.37406406e-01  1.20000000e+00  7.00000000e-01 
 1.00000000e-06  1.12191211e-16  1.34177568e-16  3.98701329e-14  3.78001229e-14  2.14824562e-05  9.36394613e-04  2.78334066e-04  1.00000000e-06  2.37406406e-01  1.20000000e+00  8.00000000e-01 
 1.00000000e-06  1.47502434e-16  1.76141462e-16  4.07608869e-14  3.87685948e-14  2.66663437e-05  1.06180618e-03  3.78417151e-04  1.00000000e-06  2.37406406e-01  1.20000000e+00  9.00000000e-01 
 1.00000000e-06  1.94493668e-16  2.32173112e-16  4.15451129e-14  3.96062935e-14  3.26292103e-05  1.16630158e-03  4.89996914e-04  1.00000000e-06  2.37406406e-01  1.20000000e+00  1.00000000e+00 
 1.00000000e-06  2.60795813e-16  3.11629621e-16  4.22561204e-14  4.03398678e-14  3.98292807e-05  1.25014379e-03  6.10988703e-04  1.00000000e-06  2.37406406e-01  1.20000000e+00  1.10000000e+00 
 1.00000000e-06  3.57807749e-16  4.28546077e-16  4.29191299e-14  4.09820239e-14  4.91043220e-05  1.31400480e-03  7.39359962e-04  1.00000000e-06  2.37406406e-01  1.20000000e+00  1.20000000e+00 
